insert into Admin values ('A01', 'Sumith Perera', 'admin@tech.lk', '0112223334', 'Room 101', '2020-01-01');

insert into Dean values ('D01', 'Prof. J. Silva', 'dean@tech.lk', '0112224445', 'ICT Dept', '2021-05-10');

insert into students values
    ('TG/1', 'Sara', '200417283718','sara@gmail.com', '0771299782','colombo','proper'),
    ('TG/2', 'John', '200689251673','john@gmail.com', '0751368978','kandy','repeat'),
    ('TG/3', 'Nimal','200496571315','nimal@gmail.com','0772126196','galle','proper'),
    ('TG/4', 'Sunil','200412334754','sunil@gmail.com','0752364293','kegalle','repeat'),
    ('TG/5', 'Kamal','200412223437','kamal@gmail.com','0752364297','Mannar','proper'),
    ('TG/6', 'Nivetha','200431323733','nivetha@gmail.com','0761363946','kandy','proper'),
    ('TG/7', 'Amna','200415222318','amna@gmail.com','0773213933','matara','proper'),
    ('TG/8', 'Durga','200418327416','durga@gmail.com','0773363973','jaffna','repeat'),
    ('TG/9', 'Thilini','200414222714','thilini@gmail.com','0743364171','Badulla','proper'),
    ('TG/10', 'Amila', '200413332361','amila@gmail.com','0752363975','Kalutara','proper'),
    ('TG/11', 'silva', '200467893710','silva@gmail.com', '0771556293','Gampaha','proper'),
    ('TG/12', 'Dilani','200413563311','dilani@gmail.com','0754364974','jaffna','repeat'),
    ('TG/13', 'Supun', '200463884312','supun@gmail.com', '0741358723','kegalle','repeat'),
    ('TG/14', 'Ishara','200417123732','ishara@gmail.com','0754363911','Ampara','proper'),
    ('TG/15', 'Perera','200413237173','perera@gmail.com','0771314779','Ratnapura','proper');

insert into lecturers values
   (1,'Dr.Nimal','nimal@gmail.com', '0778925711','ICT','PhD in Computer Science'),
   (2,'Dr.Chamara','chamara@gmail.com', '0772225212','ICT','MSc in Software Engineering'),
   (3,'Dr.Malini','malini@gmail.com', '0771225314','ICT','BSc in Information Technology'),
   (4,'Dr.Ravindu','ravindu@gmail.com', '0741322271','ICT','MSc in Data Science'),
   (5,'Dr.Ruwan','ruwan@gmail.com', '0771225313','ICT','PhD in Artificial Intelligence');

insert into technical_officers values
   (1,'saman','saman@gmail.com','0751238952','Networking Lab','Morning','5 years'),
   (2,'pradeep','pradeep@gmail.com','0771232394','Hardware Lab','Morning','4 years'),
   (3,'Jayasinge','jayasinge@gmail.com','0771237458','Multimedia Lab','Evening','3 years'),
   (4,'Fernando','fernando@gmail.com','0752333393','Software Lab','Morning','4 years'),
   (5,'Kumara','kumara@gmail.com','0771332951','Database Lab','Evening','2 years');

insert into courses values
    ('ICT1212', 'Programming', 3,'theory',1),
    ('ICT1222','Database',3,'practical',2),
    ('ICT1232','Networking',2,'Theory',3),
    ('ICT1242','Web Dev',3,'practical',4),
    ('ICT1252','Maths',2,'Theory',5);

INSERT INTO attendance (reg_no, course_code,week, type, status) VALUES
('TG/1000','ICT1212',1,'theory','present'),
('TG/1000','ICT1212',1,'practical','present'),
('TG/1000','ICT1212',2,'theory','present'),
('TG/1000','ICT1212',2,'practical','present'),
('TG/1000','ICT1212',3,'theory','present'),
('TG/1000','ICT1212',3,'practical','present'),
('TG/1000','ICT1212',4,'theory','present'),
('TG/1000','ICT1212',4,'practical','present'),
('TG/1000','ICT1212',5,'theory','present'),
('TG/1000','ICT1212',5,'practical','present'),
('TG/1000','ICT1212',6,'theory','present'),
('TG/1000','ICT1212',6,'practical','present'),
('TG/1000','ICT1212',7,'theory','present'),
('TG/1000','ICT1212',7,'practical','present'),
('TG/1000','ICT1212',8,'theory','present'),
('TG/1000','ICT1212',8,'practical','present'),
('TG/1000','ICT1212',9,'theory','present'),
('TG/1000','ICT1212',9,'practical','present'),
('TG/1000','ICT1212',10,'theory','present'),
('TG/1000','ICT1212',10,'practical','present'),
('TG/1000','ICT1212',11,'theory','present'),
('TG/1000','ICT1212',11,'practical','present'),
('TG/1000','ICT1212',12,'theory','present'),
('TG/1000','ICT1212',12,'practical','present'),
('TG/1000','ICT1212',13,'theory','present'),
('TG/1000','ICT1212',13,'practical','present'),
('TG/1000','ICT1212',14,'theory','absent'),
('TG/1000','ICT1212',14,'practical','absent'),
('TG/1000','ICT1212',15,'theory','absent'),
('TG/1000','ICT1212',15,'practical','absent'),
('TG/1000','ICT1222',1,'theory','present'),
('TG/1000','ICT1222',1,'practical','absent'),
('TG/1000','ICT1222',2,'theory','present'),
('TG/1000','ICT1222',2,'practical','present'),
('TG/1000','ICT1222',3,'theory','present'),
('TG/1000','ICT1222',3,'practical','present'),
('TG/1000','ICT1222',4,'theory','present'),
('TG/1000','ICT1222',4,'practical','present'),
('TG/1000','ICT1222',5,'theory','present'),
('TG/1000','ICT1222',5,'practical','present'),
('TG/1000','ICT1222',6,'theory','present'),
('TG/1000','ICT1222',6,'practical','present'),
('TG/1000','ICT1222',7,'theory','present'),
('TG/1000','ICT1222',7,'practical','present'),
('TG/1000','ICT1222',8,'theory','absent'),
('TG/1000','ICT1222',8,'practical','present'),
('TG/1000','ICT1222',9,'theory','present'),
('TG/1000','ICT1222',9,'practical','present'),
('TG/1000','ICT1222',10,'theory','present'),
('TG/1000','ICT1222',10,'practical','present'),
('TG/1000','ICT1222',11,'theory','present'),
('TG/1000','ICT1222',11,'practical','present'),
('TG/1000','ICT1222',12,'theory','present'),
('TG/1000','ICT1222',12,'practical','present'),
('TG/1000','ICT1222',13,'theory','present'),
('TG/1000','ICT1222',13,'practical','present'),
('TG/1000','ICT1222',14,'theory','absent'),
('TG/1000','ICT1222',14,'practical','absent'),
('TG/1000','ICT1222',15,'theory','absent'),
('TG/1000','ICT1222',15,'practical','absent'),
('TG/1000','ICT1232',1,'theory','present'),
('TG/1000','ICT1232',1,'practical','present'),
('TG/1000','ICT1232',2,'theory','present'),
('TG/1000','ICT1232',2,'practical','present'),
('TG/1000','ICT1232',3,'theory','present'),
('TG/1000','ICT1232',3,'practical','present'),
('TG/1000','ICT1232',4,'theory','present'),
('TG/1000','ICT1232',4,'practical','present'),
('TG/1000','ICT1232',5,'theory','present'),
('TG/1000','ICT1232',5,'practical','present'),
('TG/1000','ICT1232',6,'theory','present'),
('TG/1000','ICT1232',6,'practical','present'),
('TG/1000','ICT1232',7,'theory','present'),
('TG/1000','ICT1232',7,'practical','present'),
('TG/1000','ICT1232',8,'theory','present'),
('TG/1000','ICT1232',8,'practical','present'),
('TG/1000','ICT1232',9,'theory','present'),
('TG/1000','ICT1232',9,'practical','present'),
('TG/1000','ICT1232',10,'theory','present'),
('TG/1000','ICT1232',10,'practical','present'),
('TG/1000','ICT1232',11,'theory','present'),
('TG/1000','ICT1232',11,'practical','present'),
('TG/1000','ICT1232',12,'theory','present'),
('TG/1000','ICT1232',12,'practical','present'),
('TG/1000','ICT1232',13,'theory','present'),
('TG/1000','ICT1232',13,'practical','present'),
('TG/1000','ICT1232',14,'theory','present'),
('TG/1000','ICT1232',14,'practical','present'),
('TG/1000','ICT1232',15,'theory','absent'),
('TG/1000','ICT1232',15,'practical','absent'),
('TG/1000','ICT1242',1,'theory','present'),
('TG/1000','ICT1242',1,'practical','present'),
('TG/1000','ICT1242',2,'theory','present'),
('TG/1000','ICT1242',2,'practical','present'),
('TG/1000','ICT1242',3,'theory','present'),
('TG/1000','ICT1242',3,'practical','present'),
('TG/1000','ICT1242',4,'theory','present'),
('TG/1000','ICT1242',4,'practical','present'),
('TG/1000','ICT1242',5,'theory','present'),
('TG/1000','ICT1242',5,'practical','present'),
('TG/1000','ICT1242',6,'theory','present'),
('TG/1000','ICT1242',6,'practical','present'),
('TG/1000','ICT1242',7,'theory','present'),
('TG/1000','ICT1242',7,'practical','present'),
('TG/1000','ICT1242',8,'theory','present'),
('TG/1000','ICT1242',8,'practical','present'),
('TG/1000','ICT1242',9,'theory','present'),
('TG/1000','ICT1242',9,'practical','present'),
('TG/1000','ICT1242',10,'theory','present'),
('TG/1000','ICT1242',10,'practical','present'),
('TG/1000','ICT1242',11,'theory','present'),
('TG/1000','ICT1242',11,'practical','present'),
('TG/1000','ICT1242',12,'theory','present'),
('TG/1000','ICT1242',12,'practical','present'),
('TG/1000','ICT1242',13,'theory','present'),
('TG/1000','ICT1242',13,'practical','present'),
('TG/1000','ICT1242',14,'theory','present'),
('TG/1000','ICT1242',14,'practical','present'),
('TG/1000','ICT1242',15,'theory','present'),
('TG/1000','ICT1242',15,'practical','absent'),
('TG/1000','ICT1252',1,'theory','present'),
('TG/1000','ICT1252',1,'practical','present'),
('TG/1000','ICT1252',2,'theory','present'),
('TG/1000','ICT1252',2,'practical','present'),
('TG/1000','ICT1252',3,'theory','present'),
('TG/1000','ICT1252',3,'practical','present'),
('TG/1000','ICT1252',4,'theory','present'),
('TG/1000','ICT1252',4,'practical','present'),
('TG/1000','ICT1252',5,'theory','present'),
('TG/1000','ICT1252',5,'practical','present'),
('TG/1000','ICT1252',6,'theory','present'),
('TG/1000','ICT1252',6,'practical','present'),
('TG/1000','ICT1252',7,'theory','present'),
('TG/1000','ICT1252',7,'practical','present'),
('TG/1000','ICT1252',8,'theory','present'),
('TG/1000','ICT1252',8,'practical','present'),
('TG/1000','ICT1252',9,'theory','present'),
('TG/1000','ICT1252',9,'practical','present'),
('TG/1000','ICT1252',10,'theory','present'),
('TG/1000','ICT1252',10,'practical','present'),
('TG/1000','ICT1252',11,'theory','present'),
('TG/1000','ICT1252',11,'practical','present'),
('TG/1000','ICT1252',12,'theory','present'),
('TG/1000','ICT1252',12,'practical','present'),
('TG/1000','ICT1252',13,'theory','present'),
('TG/1000','ICT1252',13,'practical','present'),
('TG/1000','ICT1252',14,'theory','present'),
('TG/1000','ICT1252',14,'practical','absent'),
('TG/1000','ICT1252',15,'theory','absent'),
('TG/1000','ICT1252',15,'practical','absent'),
('TG/1010','ICT1212',1,'theory','present'),
('TG/1010','ICT1212',1,'practical','present'),
('TG/1010','ICT1212',2,'theory','present'),
('TG/1010','ICT1212',2,'practical','present'),
('TG/1010','ICT1212',3,'theory','present'),
('TG/1010','ICT1212',3,'practical','present'),
('TG/1010','ICT1212',4,'theory','present'),
('TG/1010','ICT1212',4,'practical','present'),
('TG/1010','ICT1212',5,'theory','present'),
('TG/1010','ICT1212',5,'practical','absent'),
('TG/1010','ICT1212',6,'theory','present'),
('TG/1010','ICT1212',6,'practical','present'),
('TG/1010','ICT1212',7,'theory','present'),
('TG/1010','ICT1212',7,'practical','present'),
('TG/1010','ICT1212',8,'theory','present'),
('TG/1010','ICT1212',8,'practical','present'),
('TG/1010','ICT1212',9,'theory','present'),
('TG/1010','ICT1212',9,'practical','present'),
('TG/1010','ICT1212',10,'theory','present'),
('TG/1010','ICT1212',10,'practical','present'),
('TG/1010','ICT1212',11,'theory','present'),
('TG/1010','ICT1212',11,'practical','present'),
('TG/1010','ICT1212',12,'theory','present'),
('TG/1010','ICT1212',12,'practical','present'),
('TG/1010','ICT1212',13,'theory','present'),
('TG/1010','ICT1212',13,'practical','present'),
('TG/1010','ICT1212',14,'theory','absent'),
('TG/1010','ICT1212',14,'practical','absent'),
('TG/1010','ICT1212',15,'theory','absent'),
('TG/1010','ICT1212',15,'practical','absent'),
('TG/1010','ICT1222',1,'theory','present'),
('TG/1010','ICT1222',1,'practical','present'),
('TG/1010','ICT1222',2,'theory','present'),
('TG/1010','ICT1222',2,'practical','present'),
('TG/1010','ICT1222',3,'theory','present'),
('TG/1010','ICT1222',3,'practical','present'),
('TG/1010','ICT1222',4,'theory','present'),
('TG/1010','ICT1222',4,'practical','present'),
('TG/1010','ICT1222',5,'theory','present'),
('TG/1010','ICT1222',5,'practical','present'),
('TG/1010','ICT1222',6,'theory','present'),
('TG/1010','ICT1222',6,'practical','present'),
('TG/1010','ICT1222',7,'theory','present'),
('TG/1010','ICT1222',7,'practical','present'),
('TG/1010','ICT1222',8,'theory','present'),
('TG/1010','ICT1222',8,'practical','present'),
('TG/1010','ICT1222',9,'theory','present'),
('TG/1010','ICT1222',9,'practical','present'),
('TG/1010','ICT1222',10,'theory','present'),
('TG/1010','ICT1222',10,'practical','present'),
('TG/1010','ICT1222',11,'theory','present'),
('TG/1010','ICT1222',11,'practical','present'),
('TG/1010','ICT1222',12,'theory','present'),
('TG/1010','ICT1222',12,'practical','present'),
('TG/1010','ICT1222',13,'theory','present'),
('TG/1010','ICT1222',13,'practical','present'),
('TG/1010','ICT1222',14,'theory','present'),
('TG/1010','ICT1222',14,'practical','absent'),
('TG/1010','ICT1222',15,'theory','absent'),
('TG/1010','ICT1222',15,'practical','absent'),
('TG/1010','ICT1232',1,'theory','present'),
('TG/1010','ICT1232',1,'practical','present'),
('TG/1010','ICT1232',2,'theory','present'),
('TG/1010','ICT1232',2,'practical','present'),
('TG/1010','ICT1232',3,'theory','present'),
('TG/1010','ICT1232',3,'practical','present'),
('TG/1010','ICT1232',4,'theory','present'),
('TG/1010','ICT1232',4,'practical','present'),
('TG/1010','ICT1232',5,'theory','present'),
('TG/1010','ICT1232',5,'practical','present'),
('TG/1010','ICT1232',6,'theory','present'),
('TG/1010','ICT1232',6,'practical','present'),
('TG/1010','ICT1232',7,'theory','present'),
('TG/1010','ICT1232',7,'practical','present'),
('TG/1010','ICT1232',8,'theory','present'),
('TG/1010','ICT1232',8,'practical','present'),
('TG/1010','ICT1232',9,'theory','present'),
('TG/1010','ICT1232',9,'practical','present'),
('TG/1010','ICT1232',10,'theory','present'),
('TG/1010','ICT1232',10,'practical','present'),
('TG/1010','ICT1232',11,'theory','present'),
('TG/1010','ICT1232',11,'practical','present'),
('TG/1010','ICT1232',12,'theory','present'),
('TG/1010','ICT1232',12,'practical','present'),
('TG/1010','ICT1232',13,'theory','present'),
('TG/1010','ICT1232',13,'practical','present'),
('TG/1010','ICT1232',14,'theory','present'),
('TG/1010','ICT1232',14,'practical','absent'),
('TG/1010','ICT1232',15,'theory','present'),
('TG/1010','ICT1232',15,'practical','absent'),
('TG/1010','ICT1242',1,'theory','present'),
('TG/1010','ICT1242',1,'practical','present'),
('TG/1010','ICT1242',2,'theory','present'),
('TG/1010','ICT1242',2,'practical','present'),
('TG/1010','ICT1242',3,'theory','present'),
('TG/1010','ICT1242',3,'practical','present'),
('TG/1010','ICT1242',4,'theory','present'),
('TG/1010','ICT1242',4,'practical','present'),
('TG/1010','ICT1242',5,'theory','present'),
('TG/1010','ICT1242',5,'practical','present'),
('TG/1010','ICT1242',6,'theory','present'),
('TG/1010','ICT1242',6,'practical','present'),
('TG/1010','ICT1242',7,'theory','present'),
('TG/1010','ICT1242',7,'practical','present'),
('TG/1010','ICT1242',8,'theory','present'),
('TG/1010','ICT1242',8,'practical','present'),
('TG/1010','ICT1242',9,'theory','present'),
('TG/1010','ICT1242',9,'practical','present'),
('TG/1010','ICT1242',10,'theory','present'),
('TG/1010','ICT1242',10,'practical','present'),
('TG/1010','ICT1242',11,'theory','present'),
('TG/1010','ICT1242',11,'practical','present'),
('TG/1010','ICT1242',12,'theory','present'),
('TG/1010','ICT1242',12,'practical','present'),
('TG/1010','ICT1242',13,'theory','present'),
('TG/1010','ICT1242',13,'practical','present'),
('TG/1010','ICT1242',14,'theory','present'),
('TG/1010','ICT1242',14,'practical','present'),
('TG/1010','ICT1242',15,'theory','absent'),
('TG/1010','ICT1242',15,'practical','present'),
('TG/1010','ICT1252',1,'theory','present'),
('TG/1010','ICT1252',1,'practical','present'),
('TG/1010','ICT1252',2,'theory','present'),
('TG/1010','ICT1252',2,'practical','present'),
('TG/1010','ICT1252',3,'theory','present'),
('TG/1010','ICT1252',3,'practical','present'),
('TG/1010','ICT1252',4,'theory','present'),
('TG/1010','ICT1252',4,'practical','present'),
('TG/1010','ICT1252',5,'theory','present'),
('TG/1010','ICT1252',5,'practical','present'),
('TG/1010','ICT1252',6,'theory','present'),
('TG/1010','ICT1252',6,'practical','present'),
('TG/1010','ICT1252',7,'theory','present'),
('TG/1010','ICT1252',7,'practical','present'),
('TG/1010','ICT1252',8,'theory','present'),
('TG/1010','ICT1252',8,'practical','present'),
('TG/1010','ICT1252',9,'theory','present'),
('TG/1010','ICT1252',9,'practical','present'),
('TG/1010','ICT1252',10,'theory','present'),
('TG/1010','ICT1252',10,'practical','present'),
('TG/1010','ICT1252',11,'theory','present'),
('TG/1010','ICT1252',11,'practical','present'),
('TG/1010','ICT1252',12,'theory','present'),
('TG/1010','ICT1252',12,'practical','present'),
('TG/1010','ICT1252',13,'theory','present'),
('TG/1010','ICT1252',13,'practical','present'),
('TG/1010','ICT1252',14,'theory','present'),
('TG/1010','ICT1252',14,'practical','present'),
('TG/1010','ICT1252',15,'theory','present'),
('TG/1010','ICT1252',15,'practical','present'),
('TG/1020','ICT1212',1,'theory','present'),
('TG/1020','ICT1212',1,'practical','present'),
('TG/1020','ICT1212',2,'theory','present'),
('TG/1020','ICT1212',2,'practical','present'),
('TG/1020','ICT1212',3,'theory','present'),
('TG/1020','ICT1212',3,'practical','present'),
('TG/1020','ICT1212',4,'theory','present'),
('TG/1020','ICT1212',4,'practical','present'),
('TG/1020','ICT1212',5,'theory','present'),
('TG/1020','ICT1212',5,'practical','present'),
('TG/1020','ICT1212',6,'theory','present'),
('TG/1020','ICT1212',6,'practical','present'),
('TG/1020','ICT1212',7,'theory','present'),
('TG/1020','ICT1212',7,'practical','present'),
('TG/1020','ICT1212',8,'theory','present'),
('TG/1020','ICT1212',8,'practical','present'),
('TG/1020','ICT1212',9,'theory','present'),
('TG/1020','ICT1212',9,'practical','present'),
('TG/1020','ICT1212',10,'theory','present'),
('TG/1020','ICT1212',10,'practical','present'),
('TG/1020','ICT1212',11,'theory','present'),
('TG/1020','ICT1212',11,'practical','present'),
('TG/1020','ICT1212',12,'theory','present'),
('TG/1020','ICT1212',12,'practical','present'),
('TG/1020','ICT1212',13,'theory','present'),
('TG/1020','ICT1212',13,'practical','present'),
('TG/1020','ICT1212',14,'theory','absent'),
('TG/1020','ICT1212',14,'practical','absent'),
('TG/1020','ICT1212',15,'theory','absent'),
('TG/1020','ICT1212',15,'practical','absent'),
('TG/1020','ICT1222',1,'theory','present'),
('TG/1020','ICT1222',1,'practical','present'),
('TG/1020','ICT1222',2,'theory','present'),
('TG/1020','ICT1222',2,'practical','present'),
('TG/1020','ICT1222',3,'theory','present'),
('TG/1020','ICT1222',3,'practical','present'),
('TG/1020','ICT1222',4,'theory','present'),
('TG/1020','ICT1222',4,'practical','present'),
('TG/1020','ICT1222',5,'theory','present'),
('TG/1020','ICT1222',5,'practical','present'),
('TG/1020','ICT1222',6,'theory','present'),
('TG/1020','ICT1222',6,'practical','present'),
('TG/1020','ICT1222',7,'theory','present'),
('TG/1020','ICT1222',7,'practical','present'),
('TG/1020','ICT1222',8,'theory','present'),
('TG/1020','ICT1222',8,'practical','present'),
('TG/1020','ICT1222',9,'theory','present'),
('TG/1020','ICT1222',9,'practical','present'),
('TG/1020','ICT1222',10,'theory','present'),
('TG/1020','ICT1222',10,'practical','present'),
('TG/1020','ICT1222',11,'theory','present'),
('TG/1020','ICT1222',11,'practical','present'),
('TG/1020','ICT1222',12,'theory','absent'),
('TG/1020','ICT1222',12,'practical','present'),
('TG/1020','ICT1222',13,'theory','present'),
('TG/1020','ICT1222',13,'practical','present'),
('TG/1020','ICT1222',14,'theory','absent'),
('TG/1020','ICT1222',14,'practical','absent'),
('TG/1020','ICT1222',15,'theory','absent'),
('TG/1020','ICT1222',15,'practical','absent'),
('TG/1020','ICT1232',1,'theory','present'),
('TG/1020','ICT1232',1,'practical','present'),
('TG/1020','ICT1232',2,'theory','present'),
('TG/1020','ICT1232',2,'practical','present'),
('TG/1020','ICT1232',3,'theory','present'),
('TG/1020','ICT1232',3,'practical','present'),
('TG/1020','ICT1232',4,'theory','present'),
('TG/1020','ICT1232',4,'practical','present'),
('TG/1020','ICT1232',5,'theory','present'),
('TG/1020','ICT1232',5,'practical','present'),
('TG/1020','ICT1232',6,'theory','present'),
('TG/1020','ICT1232',6,'practical','present'),
('TG/1020','ICT1232',7,'theory','present'),
('TG/1020','ICT1232',7,'practical','present'),
('TG/1020','ICT1232',8,'theory','present'),
('TG/1020','ICT1232',8,'practical','present'),
('TG/1020','ICT1232',9,'theory','present'),
('TG/1020','ICT1232',9,'practical','present'),
('TG/1020','ICT1232',10,'theory','present'),
('TG/1020','ICT1232',10,'practical','present'),
('TG/1020','ICT1232',11,'theory','present'),
('TG/1020','ICT1232',11,'practical','present'),
('TG/1020','ICT1232',12,'theory','present'),
('TG/1020','ICT1232',12,'practical','present'),
('TG/1020','ICT1232',13,'theory','present'),
('TG/1020','ICT1232',13,'practical','present'),
('TG/1020','ICT1232',14,'theory','present'),
('TG/1020','ICT1232',14,'practical','absent'),
('TG/1020','ICT1232',15,'theory','absent'),
('TG/1020','ICT1232',15,'practical','absent'),
('TG/1020','ICT1242',1,'theory','present'),
('TG/1020','ICT1242',1,'practical','present'),
('TG/1020','ICT1242',2,'theory','present'),
('TG/1020','ICT1242',2,'practical','present'),
('TG/1020','ICT1242',3,'theory','present'),
('TG/1020','ICT1242',3,'practical','present'),
('TG/1020','ICT1242',4,'theory','present'),
('TG/1020','ICT1242',4,'practical','present'),
('TG/1020','ICT1242',5,'theory','present'),
('TG/1020','ICT1242',5,'practical','present'),
('TG/1020','ICT1242',6,'theory','present'),
('TG/1020','ICT1242',6,'practical','present'),
('TG/1020','ICT1242',7,'theory','present'),
('TG/1020','ICT1242',7,'practical','present'),
('TG/1020','ICT1242',8,'theory','present'),
('TG/1020','ICT1242',8,'practical','present'),
('TG/1020','ICT1242',9,'theory','present'),
('TG/1020','ICT1242',9,'practical','present'),
('TG/1020','ICT1242',10,'theory','present'),
('TG/1020','ICT1242',10,'practical','present'),
('TG/1020','ICT1242',11,'theory','present'),
('TG/1020','ICT1242',11,'practical','present'),
('TG/1020','ICT1242',12,'theory','present'),
('TG/1020','ICT1242',12,'practical','present'),
('TG/1020','ICT1242',13,'theory','present'),
('TG/1020','ICT1242',13,'practical','present'),
('TG/1020','ICT1242',14,'theory','present'),
('TG/1020','ICT1242',14,'practical','present'),
('TG/1020','ICT1242',15,'theory','absent'),
('TG/1020','ICT1242',15,'practical','absent'),
('TG/1020','ICT1252',1,'theory','present'),
('TG/1020','ICT1252',1,'practical','present'),
('TG/1020','ICT1252',2,'theory','present'),
('TG/1020','ICT1252',2,'practical','present'),
('TG/1020','ICT1252',3,'theory','present'),
('TG/1020','ICT1252',3,'practical','present'),
('TG/1020','ICT1252',4,'theory','present'),
('TG/1020','ICT1252',4,'practical','present'),
('TG/1020','ICT1252',5,'theory','present'),
('TG/1020','ICT1252',5,'practical','present'),
('TG/1020','ICT1252',6,'theory','present'),
('TG/1020','ICT1252',6,'practical','present'),
('TG/1020','ICT1252',7,'theory','present'),
('TG/1020','ICT1252',7,'practical','present'),
('TG/1020','ICT1252',8,'theory','present'),
('TG/1020','ICT1252',8,'practical','present'),
('TG/1020','ICT1252',9,'theory','present'),
('TG/1020','ICT1252',9,'practical','present'),
('TG/1020','ICT1252',10,'theory','present'),
('TG/1020','ICT1252',10,'practical','present'),
('TG/1020','ICT1252',11,'theory','present'),
('TG/1020','ICT1252',11,'practical','present'),
('TG/1020','ICT1252',12,'theory','present'),
('TG/1020','ICT1252',12,'practical','present'),
('TG/1020','ICT1252',13,'theory','present'),
('TG/1020','ICT1252',13,'practical','present'),
('TG/1020','ICT1252',14,'theory','present'),
('TG/1020','ICT1252',14,'practical','absent'),
('TG/1020','ICT1252',15,'theory','present'),
('TG/1020','ICT1252',15,'practical','present'),
('TG/1030','ICT1212',1,'theory','present'),
('TG/1030','ICT1212',1,'practical','present'),
('TG/1030','ICT1212',2,'theory','present'),
('TG/1030','ICT1212',2,'practical','present'),
('TG/1030','ICT1212',3,'theory','present'),
('TG/1030','ICT1212',3,'practical','present'),
('TG/1030','ICT1212',4,'theory','present'),
('TG/1030','ICT1212',4,'practical','present'),
('TG/1030','ICT1212',5,'theory','present'),
('TG/1030','ICT1212',5,'practical','present'),
('TG/1030','ICT1212',6,'theory','present'),
('TG/1030','ICT1212',6,'practical','present'),
('TG/1030','ICT1212',7,'theory','present'),
('TG/1030','ICT1212',7,'practical','present'),
('TG/1030','ICT1212',8,'theory','present'),
('TG/1030','ICT1212',8,'practical','present'),
('TG/1030','ICT1212',9,'theory','present'),
('TG/1030','ICT1212',9,'practical','present'),
('TG/1030','ICT1212',10,'theory','present'),
('TG/1030','ICT1212',10,'practical','present'),
('TG/1030','ICT1212',11,'theory','present'),
('TG/1030','ICT1212',11,'practical','present'),
('TG/1030','ICT1212',12,'theory','present'),
('TG/1030','ICT1212',12,'practical','present'),
('TG/1030','ICT1212',13,'theory','present'),
('TG/1030','ICT1212',13,'practical','present'),
('TG/1030','ICT1212',14,'theory','present'),
('TG/1030','ICT1212',14,'practical','absent'),
('TG/1030','ICT1212',15,'theory','absent'),
('TG/1030','ICT1212',15,'practical','absent'),
('TG/1030','ICT1222',1,'theory','present'),
('TG/1030','ICT1222',1,'practical','present'),
('TG/1030','ICT1222',2,'theory','present'),
('TG/1030','ICT1222',2,'practical','present'),
('TG/1030','ICT1222',3,'theory','present'),
('TG/1030','ICT1222',3,'practical','present'),
('TG/1030','ICT1222',4,'theory','present'),
('TG/1030','ICT1222',4,'practical','present'),
('TG/1030','ICT1222',5,'theory','present'),
('TG/1030','ICT1222',5,'practical','present'),
('TG/1030','ICT1222',6,'theory','present'),
('TG/1030','ICT1222',6,'practical','present'),
('TG/1030','ICT1222',7,'theory','present'),
('TG/1030','ICT1222',7,'practical','present'),
('TG/1030','ICT1222',8,'theory','present'),
('TG/1030','ICT1222',8,'practical','present'),
('TG/1030','ICT1222',9,'theory','present'),
('TG/1030','ICT1222',9,'practical','present'),
('TG/1030','ICT1222',10,'theory','present'),
('TG/1030','ICT1222',10,'practical','present'),
('TG/1030','ICT1222',11,'theory','present'),
('TG/1030','ICT1222',11,'practical','present'),
('TG/1030','ICT1222',12,'theory','present'),
('TG/1030','ICT1222',12,'practical','present'),
('TG/1030','ICT1222',13,'theory','present'),
('TG/1030','ICT1222',13,'practical','present'),
('TG/1030','ICT1222',14,'theory','absent'),
('TG/1030','ICT1222',14,'practical','present'),
('TG/1030','ICT1222',15,'theory','present'),
('TG/1030','ICT1222',15,'practical','absent'),
('TG/1030','ICT1232',1,'theory','present'),
('TG/1030','ICT1232',1,'practical','present'),
('TG/1030','ICT1232',2,'theory','present'),
('TG/1030','ICT1232',2,'practical','present'),
('TG/1030','ICT1232',3,'theory','present'),
('TG/1030','ICT1232',3,'practical','present'),
('TG/1030','ICT1232',4,'theory','present'),
('TG/1030','ICT1232',4,'practical','present'),
('TG/1030','ICT1232',5,'theory','present'),
('TG/1030','ICT1232',5,'practical','present'),
('TG/1030','ICT1232',6,'theory','present'),
('TG/1030','ICT1232',6,'practical','present'),
('TG/1030','ICT1232',7,'theory','present'),
('TG/1030','ICT1232',7,'practical','present'),
('TG/1030','ICT1232',8,'theory','present'),
('TG/1030','ICT1232',8,'practical','present'),
('TG/1030','ICT1232',9,'theory','present'),
('TG/1030','ICT1232',9,'practical','present'),
('TG/1030','ICT1232',10,'theory','present'),
('TG/1030','ICT1232',10,'practical','present'),
('TG/1030','ICT1232',11,'theory','present'),
('TG/1030','ICT1232',11,'practical','present'),
('TG/1030','ICT1232',12,'theory','present'),
('TG/1030','ICT1232',12,'practical','present'),
('TG/1030','ICT1232',13,'theory','present'),
('TG/1030','ICT1232',13,'practical','present'),
('TG/1030','ICT1232',14,'theory','present'),
('TG/1030','ICT1232',14,'practical','absent'),
('TG/1030','ICT1232',15,'theory','absent'),
('TG/1030','ICT1232',15,'practical','absent'),
('TG/1030','ICT1242',1,'theory','present'),
('TG/1030','ICT1242',1,'practical','present'),
('TG/1030','ICT1242',2,'theory','present'),
('TG/1030','ICT1242',2,'practical','present'),
('TG/1030','ICT1242',3,'theory','present'),
('TG/1030','ICT1242',3,'practical','present'),
('TG/1030','ICT1242',4,'theory','present'),
('TG/1030','ICT1242',4,'practical','present'),
('TG/1030','ICT1242',5,'theory','present'),
('TG/1030','ICT1242',5,'practical','present'),
('TG/1030','ICT1242',6,'theory','present'),
('TG/1030','ICT1242',6,'practical','present'),
('TG/1030','ICT1242',7,'theory','present'),
('TG/1030','ICT1242',7,'practical','present'),
('TG/1030','ICT1242',8,'theory','present'),
('TG/1030','ICT1242',8,'practical','present'),
('TG/1030','ICT1242',9,'theory','present'),
('TG/1030','ICT1242',9,'practical','present'),
('TG/1030','ICT1242',10,'theory','present'),
('TG/1030','ICT1242',10,'practical','present'),
('TG/1030','ICT1242',11,'theory','present'),
('TG/1030','ICT1242',11,'practical','present'),
('TG/1030','ICT1242',12,'theory','present'),
('TG/1030','ICT1242',12,'practical','present'),
('TG/1030','ICT1242',13,'theory','present'),
('TG/1030','ICT1242',13,'practical','present'),
('TG/1030','ICT1242',14,'theory','present'),
('TG/1030','ICT1242',14,'practical','present'),
('TG/1030','ICT1242',15,'theory','present'),
('TG/1030','ICT1242',15,'practical','present'),
('TG/1030','ICT1252',1,'theory','present'),
('TG/1030','ICT1252',1,'practical','present'),
('TG/1030','ICT1252',2,'theory','present'),
('TG/1030','ICT1252',2,'practical','present'),
('TG/1030','ICT1252',3,'theory','present'),
('TG/1030','ICT1252',3,'practical','present'),
('TG/1030','ICT1252',4,'theory','present'),
('TG/1030','ICT1252',4,'practical','present'),
('TG/1030','ICT1252',5,'theory','present'),
('TG/1030','ICT1252',5,'practical','present'),
('TG/1030','ICT1252',6,'theory','present'),
('TG/1030','ICT1252',6,'practical','present'),
('TG/1030','ICT1252',7,'theory','present'),
('TG/1030','ICT1252',7,'practical','present'),
('TG/1030','ICT1252',8,'theory','present'),
('TG/1030','ICT1252',8,'practical','present'),
('TG/1030','ICT1252',9,'theory','present'),
('TG/1030','ICT1252',9,'practical','present'),
('TG/1030','ICT1252',10,'theory','present'),
('TG/1030','ICT1252',10,'practical','present'),
('TG/1030','ICT1252',11,'theory','present'),
('TG/1030','ICT1252',11,'practical','present'),
('TG/1030','ICT1252',12,'theory','present'),
('TG/1030','ICT1252',12,'practical','present'),
('TG/1030','ICT1252',13,'theory','present'),
('TG/1030','ICT1252',13,'practical','present'),
('TG/1030','ICT1252',14,'theory','absent'),
('TG/1030','ICT1252',14,'practical','absent'),
('TG/1030','ICT1252',15,'theory','absent'),
('TG/1030','ICT1252',15,'practical','absent'),
('TG/1040','ICT1212',1,'theory','present'),
('TG/1040','ICT1212',1,'practical','present'),
('TG/1040','ICT1212',2,'theory','present'),
('TG/1040','ICT1212',2,'practical','present'),
('TG/1040','ICT1212',3,'theory','present'),
('TG/1040','ICT1212',3,'practical','present'),
('TG/1040','ICT1212',4,'theory','present'),
('TG/1040','ICT1212',4,'practical','present'),
('TG/1040','ICT1212',5,'theory','present'),
('TG/1040','ICT1212',5,'practical','present'),
('TG/1040','ICT1212',6,'theory','present'),
('TG/1040','ICT1212',6,'practical','present'),
('TG/1040','ICT1212',7,'theory','present'),
('TG/1040','ICT1212',7,'practical','present'),
('TG/1040','ICT1212',8,'theory','present'),
('TG/1040','ICT1212',8,'practical','present'),
('TG/1040','ICT1212',9,'theory','present'),
('TG/1040','ICT1212',9,'practical','present'),
('TG/1040','ICT1212',10,'theory','present'),
('TG/1040','ICT1212',10,'practical','present'),
('TG/1040','ICT1212',11,'theory','present'),
('TG/1040','ICT1212',11,'practical','present'),
('TG/1040','ICT1212',12,'theory','present'),
('TG/1040','ICT1212',12,'practical','present'),
('TG/1040','ICT1212',13,'theory','present'),
('TG/1040','ICT1212',13,'practical','present'),
('TG/1040','ICT1212',14,'theory','absent'),
('TG/1040','ICT1212',14,'practical','absent'),
('TG/1040','ICT1212',15,'theory','absent'),
('TG/1040','ICT1212',15,'practical','absent'),
('TG/1040','ICT1222',1,'theory','present'),
('TG/1040','ICT1222',1,'practical','present'),
('TG/1040','ICT1222',2,'theory','present'),
('TG/1040','ICT1222',2,'practical','present'),
('TG/1040','ICT1222',3,'theory','present'),
('TG/1040','ICT1222',3,'practical','present'),
('TG/1040','ICT1222',4,'theory','present'),
('TG/1040','ICT1222',4,'practical','present'),
('TG/1040','ICT1222',5,'theory','present'),
('TG/1040','ICT1222',5,'practical','present'),
('TG/1040','ICT1222',6,'theory','present'),
('TG/1040','ICT1222',6,'practical','present'),
('TG/1040','ICT1222',7,'theory','present'),
('TG/1040','ICT1222',7,'practical','present'),
('TG/1040','ICT1222',8,'theory','present'),
('TG/1040','ICT1222',8,'practical','present'),
('TG/1040','ICT1222',9,'theory','present'),
('TG/1040','ICT1222',9,'practical','present'),
('TG/1040','ICT1222',10,'theory','present'),
('TG/1040','ICT1222',10,'practical','present'),
('TG/1040','ICT1222',11,'theory','present'),
('TG/1040','ICT1222',11,'practical','present'),
('TG/1040','ICT1222',12,'theory','present'),
('TG/1040','ICT1222',12,'practical','present'),
('TG/1040','ICT1222',13,'theory','present'),
('TG/1040','ICT1222',13,'practical','present'),
('TG/1040','ICT1222',14,'theory','present'),
('TG/1040','ICT1222',14,'practical','absent'),
('TG/1040','ICT1222',15,'theory','absent'),
('TG/1040','ICT1222',15,'practical','absent'),
('TG/1040','ICT1232',1,'theory','present'),
('TG/1040','ICT1232',1,'practical','present'),
('TG/1040','ICT1232',2,'theory','present'),
('TG/1040','ICT1232',2,'practical','present'),
('TG/1040','ICT1232',3,'theory','present'),
('TG/1040','ICT1232',3,'practical','present'),
('TG/1040','ICT1232',4,'theory','present'),
('TG/1040','ICT1232',4,'practical','present'),
('TG/1040','ICT1232',5,'theory','present'),
('TG/1040','ICT1232',5,'practical','present'),
('TG/1040','ICT1232',6,'theory','present'),
('TG/1040','ICT1232',6,'practical','present'),
('TG/1040','ICT1232',7,'theory','present'),
('TG/1040','ICT1232',7,'practical','present'),
('TG/1040','ICT1232',8,'theory','present'),
('TG/1040','ICT1232',8,'practical','present'),
('TG/1040','ICT1232',9,'theory','present'),
('TG/1040','ICT1232',9,'practical','present'),
('TG/1040','ICT1232',10,'theory','present'),
('TG/1040','ICT1232',10,'practical','present'),
('TG/1040','ICT1232',11,'theory','present'),
('TG/1040','ICT1232',11,'practical','present'),
('TG/1040','ICT1232',12,'theory','present'),
('TG/1040','ICT1232',12,'practical','present'),
('TG/1040','ICT1232',13,'theory','present'),
('TG/1040','ICT1232',13,'practical','present'),
('TG/1040','ICT1232',14,'theory','present'),
('TG/1040','ICT1232',14,'practical','present'),
('TG/1040','ICT1232',15,'theory','absent'),
('TG/1040','ICT1232',15,'practical','absent'),
('TG/1040','ICT1242',1,'theory','present'),
('TG/1040','ICT1242',1,'practical','present'),
('TG/1040','ICT1242',2,'theory','present'),
('TG/1040','ICT1242',2,'practical','present'),
('TG/1040','ICT1242',3,'theory','present'),
('TG/1040','ICT1242',3,'practical','present'),
('TG/1040','ICT1242',4,'theory','present'),
('TG/1040','ICT1242',4,'practical','present'),
('TG/1040','ICT1242',5,'theory','present'),
('TG/1040','ICT1242',5,'practical','present'),
('TG/1040','ICT1242',6,'theory','present'),
('TG/1040','ICT1242',6,'practical','present'),
('TG/1040','ICT1242',7,'theory','present'),
('TG/1040','ICT1242',7,'practical','present'),
('TG/1040','ICT1242',8,'theory','present'),
('TG/1040','ICT1242',8,'practical','present'),
('TG/1040','ICT1242',9,'theory','present'),
('TG/1040','ICT1242',9,'practical','present'),
('TG/1040','ICT1242',10,'theory','present'),
('TG/1040','ICT1242',10,'practical','present'),
('TG/1040','ICT1242',11,'theory','present'),
('TG/1040','ICT1242',11,'practical','present'),
('TG/1040','ICT1242',12,'theory','present'),
('TG/1040','ICT1242',12,'practical','present'),
('TG/1040','ICT1242',13,'theory','present'),
('TG/1040','ICT1242',13,'practical','present'),
('TG/1040','ICT1242',14,'theory','present'),
('TG/1040','ICT1242',14,'practical','present'),
('TG/1040','ICT1242',15,'theory','present'),
('TG/1040','ICT1242',15,'practical','present'),
('TG/1040','ICT1252',1,'theory','present'),
('TG/1040','ICT1252',1,'practical','present'),
('TG/1040','ICT1252',2,'theory','present'),
('TG/1040','ICT1252',2,'practical','present'),
('TG/1040','ICT1252',3,'theory','present'),
('TG/1040','ICT1252',3,'practical','present'),
('TG/1040','ICT1252',4,'theory','present'),
('TG/1040','ICT1252',4,'practical','present'),
('TG/1040','ICT1252',5,'theory','present'),
('TG/1040','ICT1252',5,'practical','present'),
('TG/1040','ICT1252',6,'theory','present'),
('TG/1040','ICT1252',6,'practical','present'),
('TG/1040','ICT1252',7,'theory','present'),
('TG/1040','ICT1252',7,'practical','present'),
('TG/1040','ICT1252',8,'theory','present'),
('TG/1040','ICT1252',8,'practical','present'),
('TG/1040','ICT1252',9,'theory','present'),
('TG/1040','ICT1252',9,'practical','present'),
('TG/1040','ICT1252',10,'theory','present'),
('TG/1040','ICT1252',10,'practical','present'),
('TG/1040','ICT1252',11,'theory','present'),
('TG/1040','ICT1252',11,'practical','present'),
('TG/1040','ICT1252',12,'theory','present'),
('TG/1040','ICT1252',12,'practical','present'),
('TG/1040','ICT1252',13,'theory','present'),
('TG/1040','ICT1252',13,'practical','present'),
('TG/1040','ICT1252',14,'theory','present'),
('TG/1040','ICT1252',14,'practical','absent'),
('TG/1040','ICT1252',15,'theory','present'),
('TG/1040','ICT1252',15,'practical','present'),
('TG/1050','ICT1212',1,'theory','present'),
('TG/1050','ICT1212',1,'practical','present'),
('TG/1050','ICT1212',2,'theory','present'),
('TG/1050','ICT1212',2,'practical','present'),
('TG/1050','ICT1212',3,'theory','present'),
('TG/1050','ICT1212',3,'practical','present'),
('TG/1050','ICT1212',4,'theory','present'),
('TG/1050','ICT1212',4,'practical','present'),
('TG/1050','ICT1212',5,'theory','present'),
('TG/1050','ICT1212',5,'practical','present'),
('TG/1050','ICT1212',6,'theory','present'),
('TG/1050','ICT1212',6,'practical','present'),
('TG/1050','ICT1212',7,'theory','present'),
('TG/1050','ICT1212',7,'practical','present'),
('TG/1050','ICT1212',8,'theory','present'),
('TG/1050','ICT1212',8,'practical','present'),
('TG/1050','ICT1212',9,'theory','present'),
('TG/1050','ICT1212',9,'practical','present'),
('TG/1050','ICT1212',10,'theory','present'),
('TG/1050','ICT1212',10,'practical','present'),
('TG/1050','ICT1212',11,'theory','medical'),
('TG/1050','ICT1212',11,'practical','medical'),
('TG/1050','ICT1212',12,'theory','medical'),
('TG/1050','ICT1212',12,'practical','medical'),
('TG/1050','ICT1212',13,'theory','medical'),
('TG/1050','ICT1212',13,'practical','medical'),
('TG/1050','ICT1212',14,'theory','absent'),
('TG/1050','ICT1212',14,'practical','absent'),
('TG/1050','ICT1212',15,'theory','absent'),
('TG/1050','ICT1212',15,'practical','present'),
('TG/1050','ICT1222',1,'theory','present'),
('TG/1050','ICT1222',1,'practical','present'),
('TG/1050','ICT1222',2,'theory','present'),
('TG/1050','ICT1222',2,'practical','present'),
('TG/1050','ICT1222',3,'theory','present'),
('TG/1050','ICT1222',3,'practical','present'),
('TG/1050','ICT1222',4,'theory','present'),
('TG/1050','ICT1222',4,'practical','present'),
('TG/1050','ICT1222',5,'theory','present'),
('TG/1050','ICT1222',5,'practical','present'),
('TG/1050','ICT1222',6,'theory','present'),
('TG/1050','ICT1222',6,'practical','present'),
('TG/1050','ICT1222',7,'theory','present'),
('TG/1050','ICT1222',7,'practical','present'),
('TG/1050','ICT1222',8,'theory','present'),
('TG/1050','ICT1222',8,'practical','present'),
('TG/1050','ICT1222',9,'theory','present'),
('TG/1050','ICT1222',9,'practical','present'),
('TG/1050','ICT1222',10,'theory','present'),
('TG/1050','ICT1222',10,'practical','present'),
('TG/1050','ICT1222',11,'theory','medical'),
('TG/1050','ICT1222',11,'practical','medical'),
('TG/1050','ICT1222',12,'theory','medical'),
('TG/1050','ICT1222',12,'practical','medical'),
('TG/1050','ICT1222',13,'theory','medical'),
('TG/1050','ICT1222',13,'practical','medical'),
('TG/1050','ICT1222',14,'theory','present'),
('TG/1050','ICT1222',14,'practical','present'),
('TG/1050','ICT1222',15,'theory','absent'),
('TG/1050','ICT1222',15,'practical','absent'),
('TG/1050','ICT1232',1,'theory','present'),
('TG/1050','ICT1232',1,'practical','present'),
('TG/1050','ICT1232',2,'theory','present'),
('TG/1050','ICT1232',2,'practical','present'),
('TG/1050','ICT1232',3,'theory','present'),
('TG/1050','ICT1232',3,'practical','present'),
('TG/1050','ICT1232',4,'theory','present'),
('TG/1050','ICT1232',4,'practical','present'),
('TG/1050','ICT1232',5,'theory','present'),
('TG/1050','ICT1232',5,'practical','present'),
('TG/1050','ICT1232',6,'theory','present'),
('TG/1050','ICT1232',6,'practical','present'),
('TG/1050','ICT1232',7,'theory','present'),
('TG/1050','ICT1232',7,'practical','present'),
('TG/1050','ICT1232',8,'theory','present'),
('TG/1050','ICT1232',8,'practical','present'),
('TG/1050','ICT1232',9,'theory','present'),
('TG/1050','ICT1232',9,'practical','present'),
('TG/1050','ICT1232',10,'theory','present'),
('TG/1050','ICT1232',10,'practical','present'),
('TG/1050','ICT1232',11,'theory','medical'),
('TG/1050','ICT1232',11,'practical','medical'),
('TG/1050','ICT1232',12,'theory','medical'),
('TG/1050','ICT1232',12,'practical','medical'),
('TG/1050','ICT1232',13,'theory','medical'),
('TG/1050','ICT1232',13,'practical','medical'),
('TG/1050','ICT1232',14,'theory','absent'),
('TG/1050','ICT1232',14,'practical','absent'),
('TG/1050','ICT1232',15,'theory','absent'),
('TG/1050','ICT1232',15,'practical','absent'),
('TG/1050','ICT1242',1,'theory','present'),
('TG/1050','ICT1242',1,'practical','present'),
('TG/1050','ICT1242',2,'theory','present'),
('TG/1050','ICT1242',2,'practical','present'),
('TG/1050','ICT1242',3,'theory','present'),
('TG/1050','ICT1242',3,'practical','present'),
('TG/1050','ICT1242',4,'theory','present'),
('TG/1050','ICT1242',4,'practical','present'),
('TG/1050','ICT1242',5,'theory','present'),
('TG/1050','ICT1242',5,'practical','present'),
('TG/1050','ICT1242',6,'theory','present'),
('TG/1050','ICT1242',6,'practical','present'),
('TG/1050','ICT1242',7,'theory','present'),
('TG/1050','ICT1242',7,'practical','present'),
('TG/1050','ICT1242',8,'theory','present'),
('TG/1050','ICT1242',8,'practical','present'),
('TG/1050','ICT1242',9,'theory','present'),
('TG/1050','ICT1242',9,'practical','present'),
('TG/1050','ICT1242',10,'theory','present'),
('TG/1050','ICT1242',10,'practical','present'),
('TG/1050','ICT1242',11,'theory','medical'),
('TG/1050','ICT1242',11,'practical','medical'),
('TG/1050','ICT1242',12,'theory','medical'),
('TG/1050','ICT1242',12,'practical','medical'),
('TG/1050','ICT1242',13,'theory','medical'),
('TG/1050','ICT1242',13,'practical','medical'),
('TG/1050','ICT1242',14,'theory','absent'),
('TG/1050','ICT1242',14,'practical','absent'),
('TG/1050','ICT1242',15,'theory','absent'),
('TG/1050','ICT1242',15,'practical','present'),
('TG/1050','ICT1252',1,'theory','present'),
('TG/1050','ICT1252',1,'practical','present'),
('TG/1050','ICT1252',2,'theory','present'),
('TG/1050','ICT1252',2,'practical','present'),
('TG/1050','ICT1252',3,'theory','present'),
('TG/1050','ICT1252',3,'practical','present'),
('TG/1050','ICT1252',4,'theory','present'),
('TG/1050','ICT1252',4,'practical','present'),
('TG/1050','ICT1252',5,'theory','present'),
('TG/1050','ICT1252',5,'practical','present'),
('TG/1050','ICT1252',6,'theory','present'),
('TG/1050','ICT1252',6,'practical','present'),
('TG/1050','ICT1252',7,'theory','present'),
('TG/1050','ICT1252',7,'practical','present'),
('TG/1050','ICT1252',8,'theory','present'),
('TG/1050','ICT1252',8,'practical','present'),
('TG/1050','ICT1252',9,'theory','present'),
('TG/1050','ICT1252',9,'practical','present'),
('TG/1050','ICT1252',10,'theory','present'),
('TG/1050','ICT1252',10,'practical','present'),
('TG/1050','ICT1252',11,'theory','medical'),
('TG/1050','ICT1252',11,'practical','medical'),
('TG/1050','ICT1252',12,'theory','medical'),
('TG/1050','ICT1252',12,'practical','medical'),
('TG/1050','ICT1252',13,'theory','medical'),
('TG/1050','ICT1252',13,'practical','medical'),
('TG/1050','ICT1252',14,'theory','absent'),
('TG/1050','ICT1252',14,'practical','absent'),
('TG/1050','ICT1252',15,'theory','absent'),
('TG/1050','ICT1252',15,'practical','absent'),
('TG/1060','ICT1212',1,'theory','present'),
('TG/1060','ICT1212',1,'practical','present'),
('TG/1060','ICT1212',2,'theory','present'),
('TG/1060','ICT1212',2,'practical','present'),
('TG/1060','ICT1212',3,'theory','present'),
('TG/1060','ICT1212',3,'practical','present'),
('TG/1060','ICT1212',4,'theory','present'),
('TG/1060','ICT1212',4,'practical','present'),
('TG/1060','ICT1212',5,'theory','present'),
('TG/1060','ICT1212',5,'practical','present'),
('TG/1060','ICT1212',6,'theory','present'),
('TG/1060','ICT1212',6,'practical','present'),
('TG/1060','ICT1212',7,'theory','present'),
('TG/1060','ICT1212',7,'practical','present'),
('TG/1060','ICT1212',8,'theory','present'),
('TG/1060','ICT1212',8,'practical','present'),
('TG/1060','ICT1212',9,'theory','present'),
('TG/1060','ICT1212',9,'practical','present'),
('TG/1060','ICT1212',10,'theory','present'),
('TG/1060','ICT1212',10,'practical','present'),
('TG/1060','ICT1212',11,'theory','medical'),
('TG/1060','ICT1212',11,'practical','medical'),
('TG/1060','ICT1212',12,'theory','medical'),
('TG/1060','ICT1212',12,'practical','medical'),
('TG/1060','ICT1212',13,'theory','medical'),
('TG/1060','ICT1212',13,'practical','medical'),
('TG/1060','ICT1212',14,'theory','absent'),
('TG/1060','ICT1212',14,'practical','absent'),
('TG/1060','ICT1212',15,'theory','absent'),
('TG/1060','ICT1212',15,'practical','absent'),
('TG/1060','ICT1222',1,'theory','present'),
('TG/1060','ICT1222',1,'practical','present'),
('TG/1060','ICT1222',2,'theory','present'),
('TG/1060','ICT1222',2,'practical','present'),
('TG/1060','ICT1222',3,'theory','present'),
('TG/1060','ICT1222',3,'practical','present'),
('TG/1060','ICT1222',4,'theory','present'),
('TG/1060','ICT1222',4,'practical','present'),
('TG/1060','ICT1222',5,'theory','present'),
('TG/1060','ICT1222',5,'practical','present'),
('TG/1060','ICT1222',6,'theory','present'),
('TG/1060','ICT1222',6,'practical','present'),
('TG/1060','ICT1222',7,'theory','present'),
('TG/1060','ICT1222',7,'practical','present'),
('TG/1060','ICT1222',8,'theory','present'),
('TG/1060','ICT1222',8,'practical','present'),
('TG/1060','ICT1222',9,'theory','present'),
('TG/1060','ICT1222',9,'practical','present'),
('TG/1060','ICT1222',10,'theory','present'),
('TG/1060','ICT1222',10,'practical','present'),
('TG/1060','ICT1222',11,'theory','medical'),
('TG/1060','ICT1222',11,'practical','medical'),
('TG/1060','ICT1222',12,'theory','medical'),
('TG/1060','ICT1222',12,'practical','medical'),
('TG/1060','ICT1222',13,'theory','medical'),
('TG/1060','ICT1222',13,'practical','medical'),
('TG/1060','ICT1222',14,'theory','absent'),
('TG/1060','ICT1222',14,'practical','absent'),
('TG/1060','ICT1222',15,'theory','absent'),
('TG/1060','ICT1222',15,'practical','absent'),
('TG/1060','ICT1232',1,'theory','present'),
('TG/1060','ICT1232',1,'practical','present'),
('TG/1060','ICT1232',2,'theory','present'),
('TG/1060','ICT1232',2,'practical','present'),
('TG/1060','ICT1232',3,'theory','present'),
('TG/1060','ICT1232',3,'practical','present'),
('TG/1060','ICT1232',4,'theory','present'),
('TG/1060','ICT1232',4,'practical','present'),
('TG/1060','ICT1232',5,'theory','present'),
('TG/1060','ICT1232',5,'practical','present'),
('TG/1060','ICT1232',6,'theory','present'),
('TG/1060','ICT1232',6,'practical','present'),
('TG/1060','ICT1232',7,'theory','present'),
('TG/1060','ICT1232',7,'practical','present'),
('TG/1060','ICT1232',8,'theory','present'),
('TG/1060','ICT1232',8,'practical','present'),
('TG/1060','ICT1232',9,'theory','present'),
('TG/1060','ICT1232',9,'practical','present'),
('TG/1060','ICT1232',10,'theory','present'),
('TG/1060','ICT1232',10,'practical','present'),
('TG/1060','ICT1232',11,'theory','medical'),
('TG/1060','ICT1232',11,'practical','medical'),
('TG/1060','ICT1232',12,'theory','medical'),
('TG/1060','ICT1232',12,'practical','medical'),
('TG/1060','ICT1232',13,'theory','medical'),
('TG/1060','ICT1232',13,'practical','medical'),
('TG/1060','ICT1232',14,'theory','absent'),
('TG/1060','ICT1232',14,'practical','absent'),
('TG/1060','ICT1232',15,'theory','absent'),
('TG/1060','ICT1232',15,'practical','absent'),
('TG/1060','ICT1242',1,'theory','present'),
('TG/1060','ICT1242',1,'practical','present'),
('TG/1060','ICT1242',2,'theory','present'),
('TG/1060','ICT1242',2,'practical','present'),
('TG/1060','ICT1242',3,'theory','present'),
('TG/1060','ICT1242',3,'practical','present'),
('TG/1060','ICT1242',4,'theory','present'),
('TG/1060','ICT1242',4,'practical','present'),
('TG/1060','ICT1242',5,'theory','present'),
('TG/1060','ICT1242',5,'practical','present'),
('TG/1060','ICT1242',6,'theory','present'),
('TG/1060','ICT1242',6,'practical','present'),
('TG/1060','ICT1242',7,'theory','present'),
('TG/1060','ICT1242',7,'practical','present'),
('TG/1060','ICT1242',8,'theory','present'),
('TG/1060','ICT1242',8,'practical','present'),
('TG/1060','ICT1242',9,'theory','present'),
('TG/1060','ICT1242',9,'practical','present'),
('TG/1060','ICT1242',10,'theory','present'),
('TG/1060','ICT1242',10,'practical','present'),
('TG/1060','ICT1242',11,'theory','medical'),
('TG/1060','ICT1242',11,'practical','medical'),
('TG/1060','ICT1242',12,'theory','medical'),
('TG/1060','ICT1242',12,'practical','medical'),
('TG/1060','ICT1242',13,'theory','medical'),
('TG/1060','ICT1242',13,'practical','medical'),
('TG/1060','ICT1242',14,'theory','absent'),
('TG/1060','ICT1242',14,'practical','absent'),
('TG/1060','ICT1242',15,'theory','absent'),
('TG/1060','ICT1242',15,'practical','absent'),
('TG/1060','ICT1252',1,'theory','present'),
('TG/1060','ICT1252',1,'practical','present'),
('TG/1060','ICT1252',2,'theory','present'),
('TG/1060','ICT1252',2,'practical','present'),
('TG/1060','ICT1252',3,'theory','present'),
('TG/1060','ICT1252',3,'practical','present'),
('TG/1060','ICT1252',4,'theory','present'),
('TG/1060','ICT1252',4,'practical','present'),
('TG/1060','ICT1252',5,'theory','present'),
('TG/1060','ICT1252',5,'practical','present'),
('TG/1060','ICT1252',6,'theory','present'),
('TG/1060','ICT1252',6,'practical','present'),
('TG/1060','ICT1252',7,'theory','present'),
('TG/1060','ICT1252',7,'practical','present'),
('TG/1060','ICT1252',8,'theory','present'),
('TG/1060','ICT1252',8,'practical','present'),
('TG/1060','ICT1252',9,'theory','present'),
('TG/1060','ICT1252',9,'practical','present'),
('TG/1060','ICT1252',10,'theory','present'),
('TG/1060','ICT1252',10,'practical','present'),
('TG/1060','ICT1252',11,'theory','medical'),
('TG/1060','ICT1252',11,'practical','medical'),
('TG/1060','ICT1252',12,'theory','medical'),
('TG/1060','ICT1252',12,'practical','medical'),
('TG/1060','ICT1252',13,'theory','medical'),
('TG/1060','ICT1252',13,'practical','medical'),
('TG/1060','ICT1252',14,'theory','absent'),
('TG/1060','ICT1252',14,'practical','absent'),
('TG/1060','ICT1252',15,'theory','absent'),
('TG/1060','ICT1252',15,'practical','absent'),
('TG/1070','ICT1212',1,'theory','present'),
('TG/1070','ICT1212',1,'practical','present'),
('TG/1070','ICT1212',2,'theory','present'),
('TG/1070','ICT1212',2,'practical','present'),
('TG/1070','ICT1212',3,'theory','present'),
('TG/1070','ICT1212',3,'practical','present'),
('TG/1070','ICT1212',4,'theory','present'),
('TG/1070','ICT1212',4,'practical','present'),
('TG/1070','ICT1212',5,'theory','present'),
('TG/1070','ICT1212',5,'practical','present'),
('TG/1070','ICT1212',6,'theory','present'),
('TG/1070','ICT1212',6,'practical','present'),
('TG/1070','ICT1212',7,'theory','present'),
('TG/1070','ICT1212',7,'practical','present'),
('TG/1070','ICT1212',8,'theory','present'),
('TG/1070','ICT1212',8,'practical','present'),
('TG/1070','ICT1212',9,'theory','present'),
('TG/1070','ICT1212',9,'practical','present'),
('TG/1070','ICT1212',10,'theory','present'),
('TG/1070','ICT1212',10,'practical','present'),
('TG/1070','ICT1212',11,'theory','medical'),
('TG/1070','ICT1212',11,'practical','medical'),
('TG/1070','ICT1212',12,'theory','medical'),
('TG/1070','ICT1212',12,'practical','medical'),
('TG/1070','ICT1212',13,'theory','medical'),
('TG/1070','ICT1212',13,'practical','medical'),
('TG/1070','ICT1212',14,'theory','absent'),
('TG/1070','ICT1212',14,'practical','absent'),
('TG/1070','ICT1212',15,'theory','absent'),
('TG/1070','ICT1212',15,'practical','absent'),
('TG/1070','ICT1222',1,'theory','present'),
('TG/1070','ICT1222',1,'practical','present'),
('TG/1070','ICT1222',2,'theory','present'),
('TG/1070','ICT1222',2,'practical','present'),
('TG/1070','ICT1222',3,'theory','present'),
('TG/1070','ICT1222',3,'practical','present'),
('TG/1070','ICT1222',4,'theory','present'),
('TG/1070','ICT1222',4,'practical','present'),
('TG/1070','ICT1222',5,'theory','present'),
('TG/1070','ICT1222',5,'practical','present'),
('TG/1070','ICT1222',6,'theory','present'),
('TG/1070','ICT1222',6,'practical','present'),
('TG/1070','ICT1222',7,'theory','present'),
('TG/1070','ICT1222',7,'practical','present'),
('TG/1070','ICT1222',8,'theory','present'),
('TG/1070','ICT1222',8,'practical','present'),
('TG/1070','ICT1222',9,'theory','present'),
('TG/1070','ICT1222',9,'practical','present'),
('TG/1070','ICT1222',10,'theory','present'),
('TG/1070','ICT1222',10,'practical','present'),
('TG/1070','ICT1222',11,'theory','medical'),
('TG/1070','ICT1222',11,'practical','medical'),
('TG/1070','ICT1222',12,'theory','medical'),
('TG/1070','ICT1222',12,'practical','medical'),
('TG/1070','ICT1222',13,'theory','medical'),
('TG/1070','ICT1222',13,'practical','medical'),
('TG/1070','ICT1222',14,'theory','absent'),
('TG/1070','ICT1222',14,'practical','absent'),
('TG/1070','ICT1222',15,'theory','absent'),
('TG/1070','ICT1222',15,'practical','absent'),
('TG/1070','ICT1232',1,'theory','present'),
('TG/1070','ICT1232',1,'practical','present'),
('TG/1070','ICT1232',2,'theory','present'),
('TG/1070','ICT1232',2,'practical','present'),
('TG/1070','ICT1232',3,'theory','present'),
('TG/1070','ICT1232',3,'practical','present'),
('TG/1070','ICT1232',4,'theory','present'),
('TG/1070','ICT1232',4,'practical','present'),
('TG/1070','ICT1232',5,'theory','present'),
('TG/1070','ICT1232',5,'practical','present'),
('TG/1070','ICT1232',6,'theory','present'),
('TG/1070','ICT1232',6,'practical','present'),
('TG/1070','ICT1232',7,'theory','present'),
('TG/1070','ICT1232',7,'practical','present'),
('TG/1070','ICT1232',8,'theory','present'),
('TG/1070','ICT1232',8,'practical','present'),
('TG/1070','ICT1232',9,'theory','present'),
('TG/1070','ICT1232',9,'practical','present'),
('TG/1070','ICT1232',10,'theory','present'),
('TG/1070','ICT1232',10,'practical','present'),
('TG/1070','ICT1232',11,'theory','medical'),
('TG/1070','ICT1232',11,'practical','medical'),
('TG/1070','ICT1232',12,'theory','medical'),
('TG/1070','ICT1232',12,'practical','medical'),
('TG/1070','ICT1232',13,'theory','medical'),
('TG/1070','ICT1232',13,'practical','medical'),
('TG/1070','ICT1232',14,'theory','absent'),
('TG/1070','ICT1232',14,'practical','absent'),
('TG/1070','ICT1232',15,'theory','absent'),
('TG/1070','ICT1232',15,'practical','absent'),
('TG/1070','ICT1242',1,'theory','present'),
('TG/1070','ICT1242',1,'practical','present'),
('TG/1070','ICT1242',2,'theory','present'),
('TG/1070','ICT1242',2,'practical','present'),
('TG/1070','ICT1242',3,'theory','present'),
('TG/1070','ICT1242',3,'practical','present'),
('TG/1070','ICT1242',4,'theory','present'),
('TG/1070','ICT1242',4,'practical','present'),
('TG/1070','ICT1242',5,'theory','present'),
('TG/1070','ICT1242',5,'practical','present'),
('TG/1070','ICT1242',6,'theory','present'),
('TG/1070','ICT1242',6,'practical','present'),
('TG/1070','ICT1242',7,'theory','present'),
('TG/1070','ICT1242',7,'practical','present'),
('TG/1070','ICT1242',8,'theory','present'),
('TG/1070','ICT1242',8,'practical','present'),
('TG/1070','ICT1242',9,'theory','present'),
('TG/1070','ICT1242',9,'practical','present'),
('TG/1070','ICT1242',10,'theory','present'),
('TG/1070','ICT1242',10,'practical','present'),
('TG/1070','ICT1242',11,'theory','medical'),
('TG/1070','ICT1242',11,'practical','medical'),
('TG/1070','ICT1242',12,'theory','medical'),
('TG/1070','ICT1242',12,'practical','medical'),
('TG/1070','ICT1242',13,'theory','medical'),
('TG/1070','ICT1242',13,'practical','medical'),
('TG/1070','ICT1242',14,'theory','absent'),
('TG/1070','ICT1242',14,'practical','absent'),
('TG/1070','ICT1242',15,'theory','absent'),
('TG/1070','ICT1242',15,'practical','absent'),
('TG/1070','ICT1252',1,'theory','present'),
('TG/1070','ICT1252',1,'practical','present'),
('TG/1070','ICT1252',2,'theory','present'),
('TG/1070','ICT1252',2,'practical','present'),
('TG/1070','ICT1252',3,'theory','present'),
('TG/1070','ICT1252',3,'practical','present'),
('TG/1070','ICT1252',4,'theory','present'),
('TG/1070','ICT1252',4,'practical','present'),
('TG/1070','ICT1252',5,'theory','present'),
('TG/1070','ICT1252',5,'practical','present'),
('TG/1070','ICT1252',6,'theory','present'),
('TG/1070','ICT1252',6,'practical','present'),
('TG/1070','ICT1252',7,'theory','present'),
('TG/1070','ICT1252',7,'practical','present'),
('TG/1070','ICT1252',8,'theory','present'),
('TG/1070','ICT1252',8,'practical','present'),
('TG/1070','ICT1252',9,'theory','present'),
('TG/1070','ICT1252',9,'practical','present'),
('TG/1070','ICT1252',10,'theory','present'),
('TG/1070','ICT1252',10,'practical','present'),
('TG/1070','ICT1252',11,'theory','medical'),
('TG/1070','ICT1252',11,'practical','medical'),
('TG/1070','ICT1252',12,'theory','medical'),
('TG/1070','ICT1252',12,'practical','medical'),
('TG/1070','ICT1252',13,'theory','medical'),
('TG/1070','ICT1252',13,'practical','medical'),
('TG/1070','ICT1252',14,'theory','absent'),
('TG/1070','ICT1252',14,'practical','absent'),
('TG/1070','ICT1252',15,'theory','absent'),
('TG/1070','ICT1252',15,'practical','absent'),
('TG/1080','ICT1212',1,'theory','present'),
('TG/1080','ICT1212',1,'practical','present'),
('TG/1080','ICT1212',2,'theory','present'),
('TG/1080','ICT1212',2,'practical','present'),
('TG/1080','ICT1212',3,'theory','present'),
('TG/1080','ICT1212',3,'practical','present'),
('TG/1080','ICT1212',4,'theory','present'),
('TG/1080','ICT1212',4,'practical','present'),
('TG/1080','ICT1212',5,'theory','present'),
('TG/1080','ICT1212',5,'practical','present'),
('TG/1080','ICT1212',6,'theory','present'),
('TG/1080','ICT1212',6,'practical','present'),
('TG/1080','ICT1212',7,'theory','present'),
('TG/1080','ICT1212',7,'practical','present'),
('TG/1080','ICT1212',8,'theory','present'),
('TG/1080','ICT1212',8,'practical','present'),
('TG/1080','ICT1212',9,'theory','present'),
('TG/1080','ICT1212',9,'practical','present'),
('TG/1080','ICT1212',10,'theory','absent'),
('TG/1080','ICT1212',10,'practical','absent'),
('TG/1080','ICT1212',11,'theory','absent'),
('TG/1080','ICT1212',11,'practical','absent'),
('TG/1080','ICT1212',12,'theory','absent'),
('TG/1080','ICT1212',12,'practical','absent'),
('TG/1080','ICT1212',13,'theory','absent'),
('TG/1080','ICT1212',13,'practical','absent'),
('TG/1080','ICT1212',14,'theory','absent'),
('TG/1080','ICT1212',14,'practical','absent'),
('TG/1080','ICT1212',15,'theory','absent'),
('TG/1080','ICT1212',15,'practical','absent'),
('TG/1080','ICT1222',1,'theory','present'),
('TG/1080','ICT1222',1,'practical','present'),
('TG/1080','ICT1222',2,'theory','present'),
('TG/1080','ICT1222',2,'practical','present'),
('TG/1080','ICT1222',3,'theory','present'),
('TG/1080','ICT1222',3,'practical','present'),
('TG/1080','ICT1222',4,'theory','present'),
('TG/1080','ICT1222',4,'practical','present'),
('TG/1080','ICT1222',5,'theory','present'),
('TG/1080','ICT1222',5,'practical','present'),
('TG/1080','ICT1222',6,'theory','present'),
('TG/1080','ICT1222',6,'practical','present'),
('TG/1080','ICT1222',7,'theory','present'),
('TG/1080','ICT1222',7,'practical','present'),
('TG/1080','ICT1222',8,'theory','present'),
('TG/1080','ICT1222',8,'practical','present'),
('TG/1080','ICT1222',9,'theory','present'),
('TG/1080','ICT1222',9,'practical','present'),
('TG/1080','ICT1222',10,'theory','absent'),
('TG/1080','ICT1222',10,'practical','absent'),
('TG/1080','ICT1222',11,'theory','absent'),
('TG/1080','ICT1222',11,'practical','present'),
('TG/1080','ICT1222',12,'theory','absent'),
('TG/1080','ICT1222',12,'practical','absent'),
('TG/1080','ICT1222',13,'theory','absent'),
('TG/1080','ICT1222',13,'practical','absent'),
('TG/1080','ICT1222',14,'theory','absent'),
('TG/1080','ICT1222',14,'practical','absent'),
('TG/1080','ICT1222',15,'theory','absent'),
('TG/1080','ICT1222',15,'practical','absent'),
('TG/1080','ICT1232',1,'theory','present'),
('TG/1080','ICT1232',1,'practical','present'),
('TG/1080','ICT1232',2,'theory','present'),
('TG/1080','ICT1232',2,'practical','present'),
('TG/1080','ICT1232',3,'theory','present'),
('TG/1080','ICT1232',3,'practical','present'),
('TG/1080','ICT1232',4,'theory','present'),
('TG/1080','ICT1232',4,'practical','present'),
('TG/1080','ICT1232',5,'theory','present'),
('TG/1080','ICT1232',5,'practical','present'),
('TG/1080','ICT1232',6,'theory','present'),
('TG/1080','ICT1232',6,'practical','present'),
('TG/1080','ICT1232',7,'theory','present'),
('TG/1080','ICT1232',7,'practical','present'),
('TG/1080','ICT1232',8,'theory','present'),
('TG/1080','ICT1232',8,'practical','present'),
('TG/1080','ICT1232',9,'theory','present'),
('TG/1080','ICT1232',9,'practical','present'),
('TG/1080','ICT1232',10,'theory','present'),
('TG/1080','ICT1232',10,'practical','present'),
('TG/1080','ICT1232',11,'theory','absent'),
('TG/1080','ICT1232',11,'practical','absent'),
('TG/1080','ICT1232',12,'theory','absent'),
('TG/1080','ICT1232',12,'practical','absent'),
('TG/1080','ICT1232',13,'theory','absent'),
('TG/1080','ICT1232',13,'practical','absent'),
('TG/1080','ICT1232',14,'theory','absent'),
('TG/1080','ICT1232',14,'practical','absent'),
('TG/1080','ICT1232',15,'theory','absent'),
('TG/1080','ICT1232',15,'practical','absent'),
('TG/1080','ICT1242',1,'theory','present'),
('TG/1080','ICT1242',1,'practical','present'),
('TG/1080','ICT1242',2,'theory','present'),
('TG/1080','ICT1242',2,'practical','present'),
('TG/1080','ICT1242',3,'theory','present'),
('TG/1080','ICT1242',3,'practical','present'),
('TG/1080','ICT1242',4,'theory','present'),
('TG/1080','ICT1242',4,'practical','present'),
('TG/1080','ICT1242',5,'theory','present'),
('TG/1080','ICT1242',5,'practical','present'),
('TG/1080','ICT1242',6,'theory','present'),
('TG/1080','ICT1242',6,'practical','present'),
('TG/1080','ICT1242',7,'theory','present'),
('TG/1080','ICT1242',7,'practical','present'),
('TG/1080','ICT1242',8,'theory','present'),
('TG/1080','ICT1242',8,'practical','present'),
('TG/1080','ICT1242',9,'theory','present'),
('TG/1080','ICT1242',9,'practical','present'),
('TG/1080','ICT1242',10,'theory','absent'),
('TG/1080','ICT1242',10,'practical','present'),
('TG/1080','ICT1242',11,'theory','present'),
('TG/1080','ICT1242',11,'practical','absent'),
('TG/1080','ICT1242',12,'theory','absent'),
('TG/1080','ICT1242',12,'practical','absent'),
('TG/1080','ICT1242',13,'theory','absent'),
('TG/1080','ICT1242',13,'practical','absent'),
('TG/1080','ICT1242',14,'theory','absent'),
('TG/1080','ICT1242',14,'practical','absent'),
('TG/1080','ICT1242',15,'theory','absent'),
('TG/1080','ICT1242',15,'practical','absent'),
('TG/1080','ICT1252',1,'theory','present'),
('TG/1080','ICT1252',1,'practical','present'),
('TG/1080','ICT1252',2,'theory','present'),
('TG/1080','ICT1252',2,'practical','present'),
('TG/1080','ICT1252',3,'theory','present'),
('TG/1080','ICT1252',3,'practical','present'),
('TG/1080','ICT1252',4,'theory','present'),
('TG/1080','ICT1252',4,'practical','present'),
('TG/1080','ICT1252',5,'theory','present'),
('TG/1080','ICT1252',5,'practical','present'),
('TG/1080','ICT1252',6,'theory','present'),
('TG/1080','ICT1252',6,'practical','present'),
('TG/1080','ICT1252',7,'theory','present'),
('TG/1080','ICT1252',7,'practical','present'),
('TG/1080','ICT1252',8,'theory','present'),
('TG/1080','ICT1252',8,'practical','present'),
('TG/1080','ICT1252',9,'theory','present'),
('TG/1080','ICT1252',9,'practical','present'),
('TG/1080','ICT1252',10,'theory','absent'),
('TG/1080','ICT1252',10,'practical','absent'),
('TG/1080','ICT1252',11,'theory','present'),
('TG/1080','ICT1252',11,'practical','absent'),
('TG/1080','ICT1252',12,'theory','absent'),
('TG/1080','ICT1252',12,'practical','present'),
('TG/1080','ICT1252',13,'theory','present'),
('TG/1080','ICT1252',13,'practical','absent'),
('TG/1080','ICT1252',14,'theory','absent'),
('TG/1080','ICT1252',14,'practical','absent'),
('TG/1080','ICT1252',15,'theory','absent'),
('TG/1080','ICT1252',15,'practical','absent'),
('TG/1090','ICT1212',1,'theory','present'),
('TG/1090','ICT1212',1,'practical','present'),
('TG/1090','ICT1212',2,'theory','present'),
('TG/1090','ICT1212',2,'practical','present'),
('TG/1090','ICT1212',3,'theory','present'),
('TG/1090','ICT1212',3,'practical','present'),
('TG/1090','ICT1212',4,'theory','present'),
('TG/1090','ICT1212',4,'practical','present'),
('TG/1090','ICT1212',5,'theory','present'),
('TG/1090','ICT1212',5,'practical','present'),
('TG/1090','ICT1212',6,'theory','present'),
('TG/1090','ICT1212',6,'practical','present'),
('TG/1090','ICT1212',7,'theory','present'),
('TG/1090','ICT1212',7,'practical','present'),
('TG/1090','ICT1212',8,'theory','present'),
('TG/1090','ICT1212',8,'practical','present'),
('TG/1090','ICT1212',9,'theory','present'),
('TG/1090','ICT1212',9,'practical','present'),
('TG/1090','ICT1212',10,'theory','absent'),
('TG/1090','ICT1212',10,'practical','absent'),
('TG/1090','ICT1212',11,'theory','absent'),
('TG/1090','ICT1212',11,'practical','absent'),
('TG/1090','ICT1212',12,'theory','absent'),
('TG/1090','ICT1212',12,'practical','absent'),
('TG/1090','ICT1212',13,'theory','absent'),
('TG/1090','ICT1212',13,'practical','absent'),
('TG/1090','ICT1212',14,'theory','absent'),
('TG/1090','ICT1212',14,'practical','absent'),
('TG/1090','ICT1212',15,'theory','absent'),
('TG/1090','ICT1212',15,'practical','absent'),
('TG/1090','ICT1222',1,'theory','present'),
('TG/1090','ICT1222',1,'practical','present'),
('TG/1090','ICT1222',2,'theory','present'),
('TG/1090','ICT1222',2,'practical','present'),
('TG/1090','ICT1222',3,'theory','present'),
('TG/1090','ICT1222',3,'practical','present'),
('TG/1090','ICT1222',4,'theory','present'),
('TG/1090','ICT1222',4,'practical','present'),
('TG/1090','ICT1222',5,'theory','present'),
('TG/1090','ICT1222',5,'practical','present'),
('TG/1090','ICT1222',6,'theory','present'),
('TG/1090','ICT1222',6,'practical','present'),
('TG/1090','ICT1222',7,'theory','present'),
('TG/1090','ICT1222',7,'practical','present'),
('TG/1090','ICT1222',8,'theory','present'),
('TG/1090','ICT1222',8,'practical','present'),
('TG/1090','ICT1222',9,'theory','present'),
('TG/1090','ICT1222',9,'practical','present'),
('TG/1090','ICT1222',10,'theory','absent'),
('TG/1090','ICT1222',10,'practical','present'),
('TG/1090','ICT1222',11,'theory','absent'),
('TG/1090','ICT1222',11,'practical','absent'),
('TG/1090','ICT1222',12,'theory','absent'),
('TG/1090','ICT1222',12,'practical','absent'),
('TG/1090','ICT1222',13,'theory','absent'),
('TG/1090','ICT1222',13,'practical','absent'),
('TG/1090','ICT1222',14,'theory','absent'),
('TG/1090','ICT1222',14,'practical','absent'),
('TG/1090','ICT1222',15,'theory','absent'),
('TG/1090','ICT1222',15,'practical','absent'),
('TG/1090','ICT1232',1,'theory','present'),
('TG/1090','ICT1232',1,'practical','present'),
('TG/1090','ICT1232',2,'theory','present'),
('TG/1090','ICT1232',2,'practical','present'),
('TG/1090','ICT1232',3,'theory','present'),
('TG/1090','ICT1232',3,'practical','present'),
('TG/1090','ICT1232',4,'theory','present'),
('TG/1090','ICT1232',4,'practical','present'),
('TG/1090','ICT1232',5,'theory','present'),
('TG/1090','ICT1232',5,'practical','present'),
('TG/1090','ICT1232',6,'theory','present'),
('TG/1090','ICT1232',6,'practical','present'),
('TG/1090','ICT1232',7,'theory','present'),
('TG/1090','ICT1232',7,'practical','present'),
('TG/1090','ICT1232',8,'theory','present'),
('TG/1090','ICT1232',8,'practical','present'),
('TG/1090','ICT1232',9,'theory','present'),
('TG/1090','ICT1232',9,'practical','present'),
('TG/1090','ICT1232',10,'theory','present'),
('TG/1090','ICT1232',10,'practical','present'),
('TG/1090','ICT1232',11,'theory','absent'),
('TG/1090','ICT1232',11,'practical','absent'),
('TG/1090','ICT1232',12,'theory','absent'),
('TG/1090','ICT1232',12,'practical','absent'),
('TG/1090','ICT1232',13,'theory','absent'),
('TG/1090','ICT1232',13,'practical','absent'),
('TG/1090','ICT1232',14,'theory','absent'),
('TG/1090','ICT1232',14,'practical','absent'),
('TG/1090','ICT1232',15,'theory','absent'),
('TG/1090','ICT1232',15,'practical','absent'),
('TG/1090','ICT1242',1,'theory','present'),
('TG/1090','ICT1242',1,'practical','present'),
('TG/1090','ICT1242',2,'theory','present'),
('TG/1090','ICT1242',2,'practical','present'),
('TG/1090','ICT1242',3,'theory','present'),
('TG/1090','ICT1242',3,'practical','present'),
('TG/1090','ICT1242',4,'theory','present'),
('TG/1090','ICT1242',4,'practical','present'),
('TG/1090','ICT1242',5,'theory','present'),
('TG/1090','ICT1242',5,'practical','present'),
('TG/1090','ICT1242',6,'theory','present'),
('TG/1090','ICT1242',6,'practical','present'),
('TG/1090','ICT1242',7,'theory','present'),
('TG/1090','ICT1242',7,'practical','present'),
('TG/1090','ICT1242',8,'theory','present'),
('TG/1090','ICT1242',8,'practical','present'),
('TG/1090','ICT1242',9,'theory','present'),
('TG/1090','ICT1242',9,'practical','present'),
('TG/1090','ICT1242',10,'theory','absent'),
('TG/1090','ICT1242',10,'practical','present'),
('TG/1090','ICT1242',11,'theory','present'),
('TG/1090','ICT1242',11,'practical','present'),
('TG/1090','ICT1242',12,'theory','absent'),
('TG/1090','ICT1242',12,'practical','absent'),
('TG/1090','ICT1242',13,'theory','absent'),
('TG/1090','ICT1242',13,'practical','absent'),
('TG/1090','ICT1242',14,'theory','absent'),
('TG/1090','ICT1242',14,'practical','absent'),
('TG/1090','ICT1242',15,'theory','absent'),
('TG/1090','ICT1242',15,'practical','absent'),
('TG/1090','ICT1252',1,'theory','present'),
('TG/1090','ICT1252',1,'practical','present'),
('TG/1090','ICT1252',2,'theory','present'),
('TG/1090','ICT1252',2,'practical','present'),
('TG/1090','ICT1252',3,'theory','present'),
('TG/1090','ICT1252',3,'practical','present'),
('TG/1090','ICT1252',4,'theory','present'),
('TG/1090','ICT1252',4,'practical','present'),
('TG/1090','ICT1252',5,'theory','present'),
('TG/1090','ICT1252',5,'practical','present'),
('TG/1090','ICT1252',6,'theory','present'),
('TG/1090','ICT1252',6,'practical','present'),
('TG/1090','ICT1252',7,'theory','present'),
('TG/1090','ICT1252',7,'practical','present'),
('TG/1090','ICT1252',8,'theory','present'),
('TG/1090','ICT1252',8,'practical','present'),
('TG/1090','ICT1252',9,'theory','present'),
('TG/1090','ICT1252',9,'practical','present'),
('TG/1090','ICT1252',10,'theory','absent'),
('TG/1090','ICT1252',10,'practical','present'),
('TG/1090','ICT1252',11,'theory','absent'),
('TG/1090','ICT1252',11,'practical','absent'),
('TG/1090','ICT1252',12,'theory','absent'),
('TG/1090','ICT1252',12,'practical','absent'),
('TG/1090','ICT1252',13,'theory','absent'),
('TG/1090','ICT1252',13,'practical','absent'),
('TG/1090','ICT1252',14,'theory','absent'),
('TG/1090','ICT1252',14,'practical','absent'),
('TG/1090','ICT1252',15,'theory','absent'),
('TG/1090','ICT1252',15,'practical','absent'),
('TG/1100','ICT1212',1,'theory','present'),
('TG/1100','ICT1212',1,'practical','present'),
('TG/1100','ICT1212',2,'theory','present'),
('TG/1100','ICT1212',2,'practical','present'),
('TG/1100','ICT1212',3,'theory','present'),
('TG/1100','ICT1212',3,'practical','present'),
('TG/1100','ICT1212',4,'theory','present'),
('TG/1100','ICT1212',4,'practical','present'),
('TG/1100','ICT1212',5,'theory','present'),
('TG/1100','ICT1212',5,'practical','present'),
('TG/1100','ICT1212',6,'theory','present'),
('TG/1100','ICT1212',6,'practical','present'),
('TG/1100','ICT1212',7,'theory','present'),
('TG/1100','ICT1212',7,'practical','present'),
('TG/1100','ICT1212',8,'theory','present'),
('TG/1100','ICT1212',8,'practical','present'),
('TG/1100','ICT1212',9,'theory','present'),
('TG/1100','ICT1212',9,'practical','present'),
('TG/1100','ICT1212',10,'theory','present'),
('TG/1100','ICT1212',10,'practical','present'),
('TG/1100','ICT1212',11,'theory','present'),
('TG/1100','ICT1212',11,'practical','present'),
('TG/1100','ICT1212',12,'theory','absent'),
('TG/1100','ICT1212',12,'practical','absent'),
('TG/1100','ICT1212',13,'theory','absent'),
('TG/1100','ICT1212',13,'practical','absent'),
('TG/1100','ICT1212',14,'theory','absent'),
('TG/1100','ICT1212',14,'practical','absent'),
('TG/1100','ICT1212',15,'theory','absent'),
('TG/1100','ICT1212',15,'practical','absent'),
('TG/1100','ICT1222',1,'theory','present'),
('TG/1100','ICT1222',1,'practical','present'),
('TG/1100','ICT1222',2,'theory','present'),
('TG/1100','ICT1222',2,'practical','present'),
('TG/1100','ICT1222',3,'theory','present'),
('TG/1100','ICT1222',3,'practical','present'),
('TG/1100','ICT1222',4,'theory','present'),
('TG/1100','ICT1222',4,'practical','present'),
('TG/1100','ICT1222',5,'theory','present'),
('TG/1100','ICT1222',5,'practical','present'),
('TG/1100','ICT1222',6,'theory','present'),
('TG/1100','ICT1222',6,'practical','present'),
('TG/1100','ICT1222',7,'theory','present'),
('TG/1100','ICT1222',7,'practical','present'),
('TG/1100','ICT1222',8,'theory','present'),
('TG/1100','ICT1222',8,'practical','present'),
('TG/1100','ICT1222',9,'theory','present'),
('TG/1100','ICT1222',9,'practical','present'),
('TG/1100','ICT1222',10,'theory','present'),
('TG/1100','ICT1222',10,'practical','present'),
('TG/1100','ICT1222',11,'theory','present'),
('TG/1100','ICT1222',11,'practical','present'),
('TG/1100','ICT1222',12,'theory','present'),
('TG/1100','ICT1222',12,'practical','absent'),
('TG/1100','ICT1222',13,'theory','absent'),
('TG/1100','ICT1222',13,'practical','absent'),
('TG/1100','ICT1222',14,'theory','absent'),
('TG/1100','ICT1222',14,'practical','absent'),
('TG/1100','ICT1222',15,'theory','absent'),
('TG/1100','ICT1222',15,'practical','absent'),
('TG/1100','ICT1232',1,'theory','present'),
('TG/1100','ICT1232',1,'practical','present'),
('TG/1100','ICT1232',2,'theory','present'),
('TG/1100','ICT1232',2,'practical','present'),
('TG/1100','ICT1232',3,'theory','present'),
('TG/1100','ICT1232',3,'practical','present'),
('TG/1100','ICT1232',4,'theory','present'),
('TG/1100','ICT1232',4,'practical','present'),
('TG/1100','ICT1232',5,'theory','present'),
('TG/1100','ICT1232',5,'practical','present'),
('TG/1100','ICT1232',6,'theory','present'),
('TG/1100','ICT1232',6,'practical','present'),
('TG/1100','ICT1232',7,'theory','present'),
('TG/1100','ICT1232',7,'practical','present'),
('TG/1100','ICT1232',8,'theory','present'),
('TG/1100','ICT1232',8,'practical','present'),
('TG/1100','ICT1232',9,'theory','present'),
('TG/1100','ICT1232',9,'practical','present'),
('TG/1100','ICT1232',10,'theory','present'),
('TG/1100','ICT1232',10,'practical','present'),
('TG/1100','ICT1232',11,'theory','present'),
('TG/1100','ICT1232',11,'practical','present'),
('TG/1100','ICT1232',12,'theory','absent'),
('TG/1100','ICT1232',12,'practical','absent'),
('TG/1100','ICT1232',13,'theory','absent'),
('TG/1100','ICT1232',13,'practical','present'),
('TG/1100','ICT1232',14,'theory','present'),
('TG/1100','ICT1232',14,'practical','absent'),
('TG/1100','ICT1232',15,'theory','absent'),
('TG/1100','ICT1232',15,'practical','absent'),
('TG/1100','ICT1242',1,'theory','present'),
('TG/1100','ICT1242',1,'practical','present'),
('TG/1100','ICT1242',2,'theory','present'),
('TG/1100','ICT1242',2,'practical','present'),
('TG/1100','ICT1242',3,'theory','present'),
('TG/1100','ICT1242',3,'practical','present'),
('TG/1100','ICT1242',4,'theory','present'),
('TG/1100','ICT1242',4,'practical','present'),
('TG/1100','ICT1242',5,'theory','present'),
('TG/1100','ICT1242',5,'practical','present'),
('TG/1100','ICT1242',6,'theory','present'),
('TG/1100','ICT1242',6,'practical','present'),
('TG/1100','ICT1242',7,'theory','present'),
('TG/1100','ICT1242',7,'practical','present'),
('TG/1100','ICT1242',8,'theory','present'),
('TG/1100','ICT1242',8,'practical','present'),
('TG/1100','ICT1242',9,'theory','present'),
('TG/1100','ICT1242',9,'practical','present'),
('TG/1100','ICT1242',10,'theory','present'),
('TG/1100','ICT1242',10,'practical','present'),
('TG/1100','ICT1242',11,'theory','present'),
('TG/1100','ICT1242',11,'practical','present'),
('TG/1100','ICT1242',12,'theory','present'),
('TG/1100','ICT1242',12,'practical','absent'),
('TG/1100','ICT1242',13,'theory','absent'),
('TG/1100','ICT1242',13,'practical','absent'),
('TG/1100','ICT1242',14,'theory','absent'),
('TG/1100','ICT1242',14,'practical','absent'),
('TG/1100','ICT1242',15,'theory','absent'),
('TG/1100','ICT1242',15,'practical','absent'),
('TG/1100','ICT1252',1,'theory','present'),
('TG/1100','ICT1252',1,'practical','present'),
('TG/1100','ICT1252',2,'theory','present'),
('TG/1100','ICT1252',2,'practical','present'),
('TG/1100','ICT1252',3,'theory','present'),
('TG/1100','ICT1252',3,'practical','present'),
('TG/1100','ICT1252',4,'theory','present'),
('TG/1100','ICT1252',4,'practical','present'),
('TG/1100','ICT1252',5,'theory','present'),
('TG/1100','ICT1252',5,'practical','present'),
('TG/1100','ICT1252',6,'theory','present'),
('TG/1100','ICT1252',6,'practical','present'),
('TG/1100','ICT1252',7,'theory','present'),
('TG/1100','ICT1252',7,'practical','present'),
('TG/1100','ICT1252',8,'theory','present'),
('TG/1100','ICT1252',8,'practical','present'),
('TG/1100','ICT1252',9,'theory','present'),
('TG/1100','ICT1252',9,'practical','present'),
('TG/1100','ICT1252',10,'theory','present'),
('TG/1100','ICT1252',10,'practical','present'),
('TG/1100','ICT1252',11,'theory','present'),
('TG/1100','ICT1252',11,'practical','present'),
('TG/1100','ICT1252',12,'theory','absent'),
('TG/1100','ICT1252',12,'practical','absent'),
('TG/1100','ICT1252',13,'theory','present'),
('TG/1100','ICT1252',13,'practical','present'),
('TG/1100','ICT1252',14,'theory','present'),
('TG/1100','ICT1252',14,'practical','absent'),
('TG/1100','ICT1252',15,'theory','absent'),
('TG/1100','ICT1252',15,'practical','absent'),
('TG/1110','ICT1212',1,'theory','present'),
('TG/1110','ICT1212',1,'practical','present'),
('TG/1110','ICT1212',2,'theory','present'),
('TG/1110','ICT1212',2,'practical','present'),
('TG/1110','ICT1212',3,'theory','present'),
('TG/1110','ICT1212',3,'practical','present'),
('TG/1110','ICT1212',4,'theory','present'),
('TG/1110','ICT1212',4,'practical','present'),
('TG/1110','ICT1212',5,'theory','present'),
('TG/1110','ICT1212',5,'practical','present'),
('TG/1110','ICT1212',6,'theory','present'),
('TG/1110','ICT1212',6,'practical','present'),
('TG/1110','ICT1212',7,'theory','present'),
('TG/1110','ICT1212',7,'practical','present'),
('TG/1110','ICT1212',8,'theory','present'),
('TG/1110','ICT1212',8,'practical','present'),
('TG/1110','ICT1212',9,'theory','present'),
('TG/1110','ICT1212',9,'practical','present'),
('TG/1110','ICT1212',10,'theory','present'),
('TG/1110','ICT1212',10,'practical','present'),
('TG/1110','ICT1212',11,'theory','present'),
('TG/1110','ICT1212',11,'practical','present'),
('TG/1110','ICT1212',12,'theory','absent'),
('TG/1110','ICT1212',12,'practical','absent'),
('TG/1110','ICT1212',13,'theory','absent'),
('TG/1110','ICT1212',13,'practical','absent'),
('TG/1110','ICT1212',14,'theory','absent'),
('TG/1110','ICT1212',14,'practical','absent'),
('TG/1110','ICT1212',15,'theory','absent'),
('TG/1110','ICT1212',15,'practical','absent'),
('TG/1110','ICT1222',1,'theory','present'),
('TG/1110','ICT1222',1,'practical','present'),
('TG/1110','ICT1222',2,'theory','present'),
('TG/1110','ICT1222',2,'practical','present'),
('TG/1110','ICT1222',3,'theory','present'),
('TG/1110','ICT1222',3,'practical','present'),
('TG/1110','ICT1222',4,'theory','present'),
('TG/1110','ICT1222',4,'practical','present'),
('TG/1110','ICT1222',5,'theory','present'),
('TG/1110','ICT1222',5,'practical','present'),
('TG/1110','ICT1222',6,'theory','present'),
('TG/1110','ICT1222',6,'practical','present'),
('TG/1110','ICT1222',7,'theory','present'),
('TG/1110','ICT1222',7,'practical','present'),
('TG/1110','ICT1222',8,'theory','present'),
('TG/1110','ICT1222',8,'practical','present'),
('TG/1110','ICT1222',9,'theory','present'),
('TG/1110','ICT1222',9,'practical','present'),
('TG/1110','ICT1222',10,'theory','present'),
('TG/1110','ICT1222',10,'practical','present'),
('TG/1110','ICT1222',11,'theory','present'),
('TG/1110','ICT1222',11,'practical','present'),
('TG/1110','ICT1222',12,'theory','absent'),
('TG/1110','ICT1222',12,'practical','present'),
('TG/1110','ICT1222',13,'theory','absent'),
('TG/1110','ICT1222',13,'practical','absent'),
('TG/1110','ICT1222',14,'theory','absent'),
('TG/1110','ICT1222',14,'practical','absent'),
('TG/1110','ICT1222',15,'theory','absent'),
('TG/1110','ICT1222',15,'practical','absent'),
('TG/1110','ICT1232',1,'theory','present'),
('TG/1110','ICT1232',1,'practical','present'),
('TG/1110','ICT1232',2,'theory','present'),
('TG/1110','ICT1232',2,'practical','present'),
('TG/1110','ICT1232',3,'theory','present'),
('TG/1110','ICT1232',3,'practical','present'),
('TG/1110','ICT1232',4,'theory','present'),
('TG/1110','ICT1232',4,'practical','present'),
('TG/1110','ICT1232',5,'theory','present'),
('TG/1110','ICT1232',5,'practical','present'),
('TG/1110','ICT1232',6,'theory','present'),
('TG/1110','ICT1232',6,'practical','present'),
('TG/1110','ICT1232',7,'theory','present'),
('TG/1110','ICT1232',7,'practical','present'),
('TG/1110','ICT1232',8,'theory','present'),
('TG/1110','ICT1232',8,'practical','present'),
('TG/1110','ICT1232',9,'theory','present'),
('TG/1110','ICT1232',9,'practical','present'),
('TG/1110','ICT1232',10,'theory','present'),
('TG/1110','ICT1232',10,'practical','present'),
('TG/1110','ICT1232',11,'theory','present'),
('TG/1110','ICT1232',11,'practical','present'),
('TG/1110','ICT1232',12,'theory','absent'),
('TG/1110','ICT1232',12,'practical','absent'),
('TG/1110','ICT1232',13,'theory','present'),
('TG/1110','ICT1232',13,'practical','absent'),
('TG/1110','ICT1232',14,'theory','present'),
('TG/1110','ICT1232',14,'practical','absent'),
('TG/1110','ICT1232',15,'theory','absent'),
('TG/1110','ICT1232',15,'practical','absent'),
('TG/1110','ICT1242',1,'theory','present'),
('TG/1110','ICT1242',1,'practical','present'),
('TG/1110','ICT1242',2,'theory','present'),
('TG/1110','ICT1242',2,'practical','present'),
('TG/1110','ICT1242',3,'theory','present'),
('TG/1110','ICT1242',3,'practical','present'),
('TG/1110','ICT1242',4,'theory','present'),
('TG/1110','ICT1242',4,'practical','present'),
('TG/1110','ICT1242',5,'theory','present'),
('TG/1110','ICT1242',5,'practical','present'),
('TG/1110','ICT1242',6,'theory','present'),
('TG/1110','ICT1242',6,'practical','present'),
('TG/1110','ICT1242',7,'theory','present'),
('TG/1110','ICT1242',7,'practical','present'),
('TG/1110','ICT1242',8,'theory','present'),
('TG/1110','ICT1242',8,'practical','present'),
('TG/1110','ICT1242',9,'theory','present'),
('TG/1110','ICT1242',9,'practical','present'),
('TG/1110','ICT1242',10,'theory','present'),
('TG/1110','ICT1242',10,'practical','present'),
('TG/1110','ICT1242',11,'theory','present'),
('TG/1110','ICT1242',11,'practical','present'),
('TG/1110','ICT1242',12,'theory','absent'),
('TG/1110','ICT1242',12,'practical','absent'),
('TG/1110','ICT1242',13,'theory','present'),
('TG/1110','ICT1242',13,'practical','absent'),
('TG/1110','ICT1242',14,'theory','absent'),
('TG/1110','ICT1242',14,'practical','absent'),
('TG/1110','ICT1242',15,'theory','absent'),
('TG/1110','ICT1242',15,'practical','absent'),
('TG/1110','ICT1252',1,'theory','present'),
('TG/1110','ICT1252',1,'practical','present'),
('TG/1110','ICT1252',2,'theory','present'),
('TG/1110','ICT1252',2,'practical','present'),
('TG/1110','ICT1252',3,'theory','present'),
('TG/1110','ICT1252',3,'practical','present'),
('TG/1110','ICT1252',4,'theory','present'),
('TG/1110','ICT1252',4,'practical','present'),
('TG/1110','ICT1252',5,'theory','present'),
('TG/1110','ICT1252',5,'practical','present'),
('TG/1110','ICT1252',6,'theory','present'),
('TG/1110','ICT1252',6,'practical','present'),
('TG/1110','ICT1252',7,'theory','present'),
('TG/1110','ICT1252',7,'practical','present'),
('TG/1110','ICT1252',8,'theory','present'),
('TG/1110','ICT1252',8,'practical','present'),
('TG/1110','ICT1252',9,'theory','present'),
('TG/1110','ICT1252',9,'practical','present'),
('TG/1110','ICT1252',10,'theory','present'),
('TG/1110','ICT1252',10,'practical','present'),
('TG/1110','ICT1252',11,'theory','present'),
('TG/1110','ICT1252',11,'practical','present'),
('TG/1110','ICT1252',12,'theory','present'),
('TG/1110','ICT1252',12,'practical','absent'),
('TG/1110','ICT1252',13,'theory','absent'),
('TG/1110','ICT1252',13,'practical','absent'),
('TG/1110','ICT1252',14,'theory','absent'),
('TG/1110','ICT1252',14,'practical','absent'),
('TG/1110','ICT1252',15,'theory','absent'),
('TG/1110','ICT1252',15,'practical','absent'),
('TG/1120','ICT1212',1,'theory','present'),
('TG/1120','ICT1212',1,'practical','present'),
('TG/1120','ICT1212',2,'theory','present'),
('TG/1120','ICT1212',2,'practical','present'),
('TG/1120','ICT1212',3,'theory','present'),
('TG/1120','ICT1212',3,'practical','present'),
('TG/1120','ICT1212',4,'theory','present'),
('TG/1120','ICT1212',4,'practical','present'),
('TG/1120','ICT1212',5,'theory','present'),
('TG/1120','ICT1212',5,'practical','present'),
('TG/1120','ICT1212',6,'theory','present'),
('TG/1120','ICT1212',6,'practical','present'),
('TG/1120','ICT1212',7,'theory','present'),
('TG/1120','ICT1212',7,'practical','present'),
('TG/1120','ICT1212',8,'theory','present'),
('TG/1120','ICT1212',8,'practical','present'),
('TG/1120','ICT1212',9,'theory','present'),
('TG/1120','ICT1212',9,'practical','present'),
('TG/1120','ICT1212',10,'theory','present'),
('TG/1120','ICT1212',10,'practical','present'),
('TG/1120','ICT1212',11,'theory','present'),
('TG/1120','ICT1212',11,'practical','present'),
('TG/1120','ICT1212',12,'theory','absent'),
('TG/1120','ICT1212',12,'practical','absent'),
('TG/1120','ICT1212',13,'theory','absent'),
('TG/1120','ICT1212',13,'practical','absent'),
('TG/1120','ICT1212',14,'theory','absent'),
('TG/1120','ICT1212',14,'practical','absent'),
('TG/1120','ICT1212',15,'theory','absent'),
('TG/1120','ICT1212',15,'practical','absent'),
('TG/1120','ICT1222',1,'theory','present'),
('TG/1120','ICT1222',1,'practical','present'),
('TG/1120','ICT1222',2,'theory','present'),
('TG/1120','ICT1222',2,'practical','present'),
('TG/1120','ICT1222',3,'theory','present'),
('TG/1120','ICT1222',3,'practical','present'),
('TG/1120','ICT1222',4,'theory','present'),
('TG/1120','ICT1222',4,'practical','present'),
('TG/1120','ICT1222',5,'theory','present'),
('TG/1120','ICT1222',5,'practical','present'),
('TG/1120','ICT1222',6,'theory','present'),
('TG/1120','ICT1222',6,'practical','present'),
('TG/1120','ICT1222',7,'theory','present'),
('TG/1120','ICT1222',7,'practical','present'),
('TG/1120','ICT1222',8,'theory','present'),
('TG/1120','ICT1222',8,'practical','present'),
('TG/1120','ICT1222',9,'theory','present'),
('TG/1120','ICT1222',9,'practical','present'),
('TG/1120','ICT1222',10,'theory','present'),
('TG/1120','ICT1222',10,'practical','present'),
('TG/1120','ICT1222',11,'theory','present'),
('TG/1120','ICT1222',11,'practical','present'),
('TG/1120','ICT1222',12,'theory','absent'),
('TG/1120','ICT1222',12,'practical','present'),
('TG/1120','ICT1222',13,'theory','absent'),
('TG/1120','ICT1222',13,'practical','absent'),
('TG/1120','ICT1222',14,'theory','absent'),
('TG/1120','ICT1222',14,'practical','absent'),
('TG/1120','ICT1222',15,'theory','absent'),
('TG/1120','ICT1222',15,'practical','absent'),
('TG/1120','ICT1232',1,'theory','present'),
('TG/1120','ICT1232',1,'practical','present'),
('TG/1120','ICT1232',2,'theory','present'),
('TG/1120','ICT1232',2,'practical','present'),
('TG/1120','ICT1232',3,'theory','present'),
('TG/1120','ICT1232',3,'practical','present'),
('TG/1120','ICT1232',4,'theory','present'),
('TG/1120','ICT1232',4,'practical','present'),
('TG/1120','ICT1232',5,'theory','present'),
('TG/1120','ICT1232',5,'practical','present'),
('TG/1120','ICT1232',6,'theory','present'),
('TG/1120','ICT1232',6,'practical','present'),
('TG/1120','ICT1232',7,'theory','present'),
('TG/1120','ICT1232',7,'practical','present'),
('TG/1120','ICT1232',8,'theory','present'),
('TG/1120','ICT1232',8,'practical','present'),
('TG/1120','ICT1232',9,'theory','present'),
('TG/1120','ICT1232',9,'practical','present'),
('TG/1120','ICT1232',10,'theory','present'),
('TG/1120','ICT1232',10,'practical','present'),
('TG/1120','ICT1232',11,'theory','present'),
('TG/1120','ICT1232',11,'practical','present'),
('TG/1120','ICT1232',12,'theory','present'),
('TG/1120','ICT1232',12,'practical','present'),
('TG/1120','ICT1232',13,'theory','absent'),
('TG/1120','ICT1232',13,'practical','absent'),
('TG/1120','ICT1232',14,'theory','absent'),
('TG/1120','ICT1232',14,'practical','absent'),
('TG/1120','ICT1232',15,'theory','absent'),
('TG/1120','ICT1232',15,'practical','absent'),
('TG/1120','ICT1242',1,'theory','present'),
('TG/1120','ICT1242',1,'practical','present'),
('TG/1120','ICT1242',2,'theory','present'),
('TG/1120','ICT1242',2,'practical','present'),
('TG/1120','ICT1242',3,'theory','present'),
('TG/1120','ICT1242',3,'practical','present'),
('TG/1120','ICT1242',4,'theory','present'),
('TG/1120','ICT1242',4,'practical','present'),
('TG/1120','ICT1242',5,'theory','present'),
('TG/1120','ICT1242',5,'practical','present'),
('TG/1120','ICT1242',6,'theory','present'),
('TG/1120','ICT1242',6,'practical','present'),
('TG/1120','ICT1242',7,'theory','present'),
('TG/1120','ICT1242',7,'practical','present'),
('TG/1120','ICT1242',8,'theory','present'),
('TG/1120','ICT1242',8,'practical','present'),
('TG/1120','ICT1242',9,'theory','present'),
('TG/1120','ICT1242',9,'practical','present'),
('TG/1120','ICT1242',10,'theory','present'),
('TG/1120','ICT1242',10,'practical','present'),
('TG/1120','ICT1242',11,'theory','present'),
('TG/1120','ICT1242',11,'practical','present'),
('TG/1120','ICT1242',12,'theory','absent'),
('TG/1120','ICT1242',12,'practical','absent'),
('TG/1120','ICT1242',13,'theory','absent'),
('TG/1120','ICT1242',13,'practical','absent'),
('TG/1120','ICT1242',14,'theory','absent'),
('TG/1120','ICT1242',14,'practical','absent'),
('TG/1120','ICT1242',15,'theory','absent'),
('TG/1120','ICT1242',15,'practical','absent'),
('TG/1120','ICT1252',1,'theory','present'),
('TG/1120','ICT1252',1,'practical','present'),
('TG/1120','ICT1252',2,'theory','present'),
('TG/1120','ICT1252',2,'practical','present'),
('TG/1120','ICT1252',3,'theory','present'),
('TG/1120','ICT1252',3,'practical','present'),
('TG/1120','ICT1252',4,'theory','present'),
('TG/1120','ICT1252',4,'practical','present'),
('TG/1120','ICT1252',5,'theory','present'),
('TG/1120','ICT1252',5,'practical','present'),
('TG/1120','ICT1252',6,'theory','present'),
('TG/1120','ICT1252',6,'practical','present'),
('TG/1120','ICT1252',7,'theory','present'),
('TG/1120','ICT1252',7,'practical','present'),
('TG/1120','ICT1252',8,'theory','present'),
('TG/1120','ICT1252',8,'practical','present'),
('TG/1120','ICT1252',9,'theory','present'),
('TG/1120','ICT1252',9,'practical','present'),
('TG/1120','ICT1252',10,'theory','present'),
('TG/1120','ICT1252',10,'practical','present'),
('TG/1120','ICT1252',11,'theory','present'),
('TG/1120','ICT1252',11,'practical','present'),
('TG/1120','ICT1252',12,'theory','absent'),
('TG/1120','ICT1252',12,'practical','present'),
('TG/1120','ICT1252',13,'theory','absent'),
('TG/1120','ICT1252',13,'practical','absent'),
('TG/1120','ICT1252',14,'theory','absent'),
('TG/1120','ICT1252',14,'practical','absent'),
('TG/1120','ICT1252',15,'theory','absent'),
('TG/1120','ICT1252',15,'practical','absent'),
('TG/1130','ICT1212',1,'theory','present'),
('TG/1130','ICT1212',1,'practical','present'),
('TG/1130','ICT1212',2,'theory','present'),
('TG/1130','ICT1212',2,'practical','present'),
('TG/1130','ICT1212',3,'theory','present'),
('TG/1130','ICT1212',3,'practical','present'),
('TG/1130','ICT1212',4,'theory','present'),
('TG/1130','ICT1212',4,'practical','present'),
('TG/1130','ICT1212',5,'theory','present'),
('TG/1130','ICT1212',5,'practical','present'),
('TG/1130','ICT1212',6,'theory','present'),
('TG/1130','ICT1212',6,'practical','present'),
('TG/1130','ICT1212',7,'theory','present'),
('TG/1130','ICT1212',7,'practical','present'),
('TG/1130','ICT1212',8,'theory','present'),
('TG/1130','ICT1212',8,'practical','present'),
('TG/1130','ICT1212',9,'theory','present'),
('TG/1130','ICT1212',9,'practical','present'),
('TG/1130','ICT1212',10,'theory','present'),
('TG/1130','ICT1212',10,'practical','present'),
('TG/1130','ICT1212',11,'theory','present'),
('TG/1130','ICT1212',11,'practical','present'),
('TG/1130','ICT1212',12,'theory','absent'),
('TG/1130','ICT1212',12,'practical','absent'),
('TG/1130','ICT1212',13,'theory','absent'),
('TG/1130','ICT1212',13,'practical','absent'),
('TG/1130','ICT1212',14,'theory','absent'),
('TG/1130','ICT1212',14,'practical','absent'),
('TG/1130','ICT1212',15,'theory','absent'),
('TG/1130','ICT1212',15,'practical','absent'),
('TG/1130','ICT1222',1,'theory','present'),
('TG/1130','ICT1222',1,'practical','present'),
('TG/1130','ICT1222',2,'theory','present'),
('TG/1130','ICT1222',2,'practical','present'),
('TG/1130','ICT1222',3,'theory','present'),
('TG/1130','ICT1222',3,'practical','present'),
('TG/1130','ICT1222',4,'theory','present'),
('TG/1130','ICT1222',4,'practical','present'),
('TG/1130','ICT1222',5,'theory','present'),
('TG/1130','ICT1222',5,'practical','present'),
('TG/1130','ICT1222',6,'theory','present'),
('TG/1130','ICT1222',6,'practical','present'),
('TG/1130','ICT1222',7,'theory','present'),
('TG/1130','ICT1222',7,'practical','present'),
('TG/1130','ICT1222',8,'theory','present'),
('TG/1130','ICT1222',8,'practical','present'),
('TG/1130','ICT1222',9,'theory','present'),
('TG/1130','ICT1222',9,'practical','present'),
('TG/1130','ICT1222',10,'theory','present'),
('TG/1130','ICT1222',10,'practical','present'),
('TG/1130','ICT1222',11,'theory','present'),
('TG/1130','ICT1222',11,'practical','present'),
('TG/1130','ICT1222',12,'theory','absent'),
('TG/1130','ICT1222',12,'practical','absent'),
('TG/1130','ICT1222',13,'theory','present'),
('TG/1130','ICT1222',13,'practical','present'),
('TG/1130','ICT1222',14,'theory','absent'),
('TG/1130','ICT1222',14,'practical','absent'),
('TG/1130','ICT1222',15,'theory','absent'),
('TG/1130','ICT1222',15,'practical','absent'),
('TG/1130','ICT1232',1,'theory','present'),
('TG/1130','ICT1232',1,'practical','present'),
('TG/1130','ICT1232',2,'theory','present'),
('TG/1130','ICT1232',2,'practical','present'),
('TG/1130','ICT1232',3,'theory','present'),
('TG/1130','ICT1232',3,'practical','present'),
('TG/1130','ICT1232',4,'theory','present'),
('TG/1130','ICT1232',4,'practical','present'),
('TG/1130','ICT1232',5,'theory','present'),
('TG/1130','ICT1232',5,'practical','present'),
('TG/1130','ICT1232',6,'theory','present'),
('TG/1130','ICT1232',6,'practical','present'),
('TG/1130','ICT1232',7,'theory','present'),
('TG/1130','ICT1232',7,'practical','present'),
('TG/1130','ICT1232',8,'theory','present'),
('TG/1130','ICT1232',8,'practical','present'),
('TG/1130','ICT1232',9,'theory','present'),
('TG/1130','ICT1232',9,'practical','present'),
('TG/1130','ICT1232',10,'theory','present'),
('TG/1130','ICT1232',10,'practical','present'),
('TG/1130','ICT1232',11,'theory','present'),
('TG/1130','ICT1232',11,'practical','present'),
('TG/1130','ICT1232',12,'theory','absent'),
('TG/1130','ICT1232',12,'practical','absent'),
('TG/1130','ICT1232',13,'theory','absent'),
('TG/1130','ICT1232',13,'practical','absent'),
('TG/1130','ICT1232',14,'theory','absent'),
('TG/1130','ICT1232',14,'practical','absent'),
('TG/1130','ICT1232',15,'theory','absent'),
('TG/1130','ICT1232',15,'practical','absent'),
('TG/1130','ICT1242',1,'theory','present'),
('TG/1130','ICT1242',1,'practical','present'),
('TG/1130','ICT1242',2,'theory','present'),
('TG/1130','ICT1242',2,'practical','present'),
('TG/1130','ICT1242',3,'theory','present'),
('TG/1130','ICT1242',3,'practical','present'),
('TG/1130','ICT1242',4,'theory','present'),
('TG/1130','ICT1242',4,'practical','present'),
('TG/1130','ICT1242',5,'theory','present'),
('TG/1130','ICT1242',5,'practical','present'),
('TG/1130','ICT1242',6,'theory','present'),
('TG/1130','ICT1242',6,'practical','present'),
('TG/1130','ICT1242',7,'theory','present'),
('TG/1130','ICT1242',7,'practical','present'),
('TG/1130','ICT1242',8,'theory','present'),
('TG/1130','ICT1242',8,'practical','present'),
('TG/1130','ICT1242',9,'theory','present'),
('TG/1130','ICT1242',9,'practical','present'),
('TG/1130','ICT1242',10,'theory','present'),
('TG/1130','ICT1242',10,'practical','present'),
('TG/1130','ICT1242',11,'theory','present'),
('TG/1130','ICT1242',11,'practical','present'),
('TG/1130','ICT1242',12,'theory','present'),
('TG/1130','ICT1242',12,'practical','present'),
('TG/1130','ICT1242',13,'theory','absent'),
('TG/1130','ICT1242',13,'practical','absent'),
('TG/1130','ICT1242',14,'theory','absent'),
('TG/1130','ICT1242',14,'practical','absent'),
('TG/1130','ICT1242',15,'theory','absent'),
('TG/1130','ICT1242',15,'practical','absent'),
('TG/1130','ICT1252',1,'theory','present'),
('TG/1130','ICT1252',1,'practical','present'),
('TG/1130','ICT1252',2,'theory','present'),
('TG/1130','ICT1252',2,'practical','present'),
('TG/1130','ICT1252',3,'theory','present'),
('TG/1130','ICT1252',3,'practical','present'),
('TG/1130','ICT1252',4,'theory','present'),
('TG/1130','ICT1252',4,'practical','present'),
('TG/1130','ICT1252',5,'theory','present'),
('TG/1130','ICT1252',5,'practical','present'),
('TG/1130','ICT1252',6,'theory','present'),
('TG/1130','ICT1252',6,'practical','present'),
('TG/1130','ICT1252',7,'theory','present'),
('TG/1130','ICT1252',7,'practical','present'),
('TG/1130','ICT1252',8,'theory','present'),
('TG/1130','ICT1252',8,'practical','present'),
('TG/1130','ICT1252',9,'theory','present'),
('TG/1130','ICT1252',9,'practical','present'),
('TG/1130','ICT1252',10,'theory','present'),
('TG/1130','ICT1252',10,'practical','present'),
('TG/1130','ICT1252',11,'theory','present'),
('TG/1130','ICT1252',11,'practical','present'),
('TG/1130','ICT1252',12,'theory','present'),
('TG/1130','ICT1252',12,'practical','absent'),
('TG/1130','ICT1252',13,'theory','absent'),
('TG/1130','ICT1252',13,'practical','absent'),
('TG/1130','ICT1252',14,'theory','absent'),
('TG/1130','ICT1252',14,'practical','absent'),
('TG/1130','ICT1252',15,'theory','absent'),
('TG/1130','ICT1252',15,'practical','absent'),
('TG/1140','ICT1212',1,'theory','present'),
('TG/1140','ICT1212',1,'practical','present'),
('TG/1140','ICT1212',2,'theory','present'),
('TG/1140','ICT1212',2,'practical','present'),
('TG/1140','ICT1212',3,'theory','present'),
('TG/1140','ICT1212',3,'practical','present'),
('TG/1140','ICT1212',4,'theory','present'),
('TG/1140','ICT1212',4,'practical','present'),
('TG/1140','ICT1212',5,'theory','present'),
('TG/1140','ICT1212',5,'practical','present'),
('TG/1140','ICT1212',6,'theory','present'),
('TG/1140','ICT1212',6,'practical','present'),
('TG/1140','ICT1212',7,'theory','present'),
('TG/1140','ICT1212',7,'practical','present'),
('TG/1140','ICT1212',8,'theory','present'),
('TG/1140','ICT1212',8,'practical','present'),
('TG/1140','ICT1212',9,'theory','present'),
('TG/1140','ICT1212',9,'practical','present'),
('TG/1140','ICT1212',10,'theory','present'),
('TG/1140','ICT1212',10,'practical','present'),
('TG/1140','ICT1212',11,'theory','present'),
('TG/1140','ICT1212',11,'practical','present'),
('TG/1140','ICT1212',12,'theory','absent'),
('TG/1140','ICT1212',12,'practical','present'),
('TG/1140','ICT1212',13,'theory','absent'),
('TG/1140','ICT1212',13,'practical','absent'),
('TG/1140','ICT1212',14,'theory','absent'),
('TG/1140','ICT1212',14,'practical','absent'),
('TG/1140','ICT1212',15,'theory','absent'),
('TG/1140','ICT1212',15,'practical','absent'),
('TG/1140','ICT1222',1,'theory','present'),
('TG/1140','ICT1222',1,'practical','present'),
('TG/1140','ICT1222',2,'theory','present'),
('TG/1140','ICT1222',2,'practical','present'),
('TG/1140','ICT1222',3,'theory','present'),
('TG/1140','ICT1222',3,'practical','present'),
('TG/1140','ICT1222',4,'theory','present'),
('TG/1140','ICT1222',4,'practical','present'),
('TG/1140','ICT1222',5,'theory','present'),
('TG/1140','ICT1222',5,'practical','present'),
('TG/1140','ICT1222',6,'theory','present'),
('TG/1140','ICT1222',6,'practical','present'),
('TG/1140','ICT1222',7,'theory','present'),
('TG/1140','ICT1222',7,'practical','present'),
('TG/1140','ICT1222',8,'theory','present'),
('TG/1140','ICT1222',8,'practical','present'),
('TG/1140','ICT1222',9,'theory','present'),
('TG/1140','ICT1222',9,'practical','present'),
('TG/1140','ICT1222',10,'theory','present'),
('TG/1140','ICT1222',10,'practical','present'),
('TG/1140','ICT1222',11,'theory','present'),
('TG/1140','ICT1222',11,'practical','present'),
('TG/1140','ICT1222',12,'theory','absent'),
('TG/1140','ICT1222',12,'practical','absent'),
('TG/1140','ICT1222',13,'theory','absent'),
('TG/1140','ICT1222',13,'practical','absent'),
('TG/1140','ICT1222',14,'theory','absent'),
('TG/1140','ICT1222',14,'practical','absent'),
('TG/1140','ICT1222',15,'theory','absent'),
('TG/1140','ICT1222',15,'practical','absent'),
('TG/1140','ICT1232',1,'theory','present'),
('TG/1140','ICT1232',1,'practical','present'),
('TG/1140','ICT1232',2,'theory','present'),
('TG/1140','ICT1232',2,'practical','present'),
('TG/1140','ICT1232',3,'theory','present'),
('TG/1140','ICT1232',3,'practical','present'),
('TG/1140','ICT1232',4,'theory','present'),
('TG/1140','ICT1232',4,'practical','present'),
('TG/1140','ICT1232',5,'theory','present'),
('TG/1140','ICT1232',5,'practical','present'),
('TG/1140','ICT1232',6,'theory','present'),
('TG/1140','ICT1232',6,'practical','present'),
('TG/1140','ICT1232',7,'theory','present'),
('TG/1140','ICT1232',7,'practical','present'),
('TG/1140','ICT1232',8,'theory','present'),
('TG/1140','ICT1232',8,'practical','present'),
('TG/1140','ICT1232',9,'theory','present'),
('TG/1140','ICT1232',9,'practical','present'),
('TG/1140','ICT1232',10,'theory','present'),
('TG/1140','ICT1232',10,'practical','present'),
('TG/1140','ICT1232',11,'theory','present'),
('TG/1140','ICT1232',11,'practical','present'),
('TG/1140','ICT1232',12,'theory','present'),
('TG/1140','ICT1232',12,'practical','present'),
('TG/1140','ICT1232',13,'theory','absent'),
('TG/1140','ICT1232',13,'practical','absent'),
('TG/1140','ICT1232',14,'theory','absent'),
('TG/1140','ICT1232',14,'practical','absent'),
('TG/1140','ICT1232',15,'theory','absent'),
('TG/1140','ICT1232',15,'practical','absent'),
('TG/1140','ICT1242',1,'theory','present'),
('TG/1140','ICT1242',1,'practical','present'),
('TG/1140','ICT1242',2,'theory','present'),
('TG/1140','ICT1242',2,'practical','present'),
('TG/1140','ICT1242',3,'theory','present'),
('TG/1140','ICT1242',3,'practical','present'),
('TG/1140','ICT1242',4,'theory','present'),
('TG/1140','ICT1242',4,'practical','present'),
('TG/1140','ICT1242',5,'theory','present'),
('TG/1140','ICT1242',5,'practical','present'),
('TG/1140','ICT1242',6,'theory','present'),
('TG/1140','ICT1242',6,'practical','present'),
('TG/1140','ICT1242',7,'theory','present'),
('TG/1140','ICT1242',7,'practical','present'),
('TG/1140','ICT1242',8,'theory','present'),
('TG/1140','ICT1242',8,'practical','present'),
('TG/1140','ICT1242',9,'theory','present'),
('TG/1140','ICT1242',9,'practical','present'),
('TG/1140','ICT1242',10,'theory','present'),
('TG/1140','ICT1242',10,'practical','present'),
('TG/1140','ICT1242',11,'theory','present'),
('TG/1140','ICT1242',11,'practical','present'),
('TG/1140','ICT1242',12,'theory','absent'),
('TG/1140','ICT1242',12,'practical','absent'),
('TG/1140','ICT1242',13,'theory','present'),
('TG/1140','ICT1242',13,'practical','absent'),
('TG/1140','ICT1242',14,'theory','absent'),
('TG/1140','ICT1242',14,'practical','absent'),
('TG/1140','ICT1242',15,'theory','absent'),
('TG/1140','ICT1242',15,'practical','absent'),
('TG/1140','ICT1252',1,'theory','present'),
('TG/1140','ICT1252',1,'practical','present'),
('TG/1140','ICT1252',2,'theory','present'),
('TG/1140','ICT1252',2,'practical','present'),
('TG/1140','ICT1252',3,'theory','present'),
('TG/1140','ICT1252',3,'practical','present'),
('TG/1140','ICT1252',4,'theory','present'),
('TG/1140','ICT1252',4,'practical','present'),
('TG/1140','ICT1252',5,'theory','present'),
('TG/1140','ICT1252',5,'practical','present'),
('TG/1140','ICT1252',6,'theory','present'),
('TG/1140','ICT1252',6,'practical','present'),
('TG/1140','ICT1252',7,'theory','present'),
('TG/1140','ICT1252',7,'practical','present'),
('TG/1140','ICT1252',8,'theory','present'),
('TG/1140','ICT1252',8,'practical','present'),
('TG/1140','ICT1252',9,'theory','present'),
('TG/1140','ICT1252',9,'practical','present'),
('TG/1140','ICT1252',10,'theory','present'),
('TG/1140','ICT1252',10,'practical','present'),
('TG/1140','ICT1252',11,'theory','present'),
('TG/1140','ICT1252',11,'practical','present'),
('TG/1140','ICT1252',12,'theory','absent'),
('TG/1140','ICT1252',12,'practical','absent'),
('TG/1140','ICT1252',13,'theory','absent'),
('TG/1140','ICT1252',13,'practical','absent'),
('TG/1140','ICT1252',14,'theory','absent'),
('TG/1140','ICT1252',14,'practical','absent'),
('TG/1140','ICT1252',15,'theory','present'),
('TG/1140','ICT1252',15,'practical','present');

INSERT INTO marks (reg_no, course_code, assignment, mid_exam, practical, final_exam) VALUES
('TG/1','ICT1212',70,52,67,77),
('TG/1','ICT1222',50,75,63,78),
('TG/1','ICT1232',86,62,95,60),
('TG/1','ICT1242',91,81,71,87),
('TG/1','ICT1252',82,73,54,86),
('TG/2','ICT1212',67,67,64,66),
('TG/2','ICT1222',61,55,57,50),
('TG/2','ICT1232',80,68,68,49),
('TG/2','ICT1242',77,83,80,45),
('TG/2','ICT1252',81,72,86,45),
('TG/3','ICT1212',90,73,67,80),
('TG/3','ICT1222',91,84,65,73),
('TG/3','ICT1232',77,59,87,89),
('TG/3','ICT1242',90,68,75,78),
('TG/3','ICT1252',81,66,83,57),
('TG/4','ICT1212',72,55,83,74),
('TG/4','ICT1222',85,59,52,90),
('TG/4','ICT1232',73,47,52,48),
('TG/4','ICT1242',70,52,78,65),
('TG/4','ICT1252',95,78,85,89),
('TG/5','ICT1212',67,72,87,51),
('TG/5','ICT1222',80,71,93,79),
('TG/5','ICT1232',55,63,55,74),
('TG/5','ICT1242',94,67,50,83),
('TG/5','ICT1252',60,46,85,50),
('TG/6','ICT1212',79,78,61,76),
('TG/6','ICT1222',93,65,71,61),
('TG/6','ICT1232',57,73,87,64),
('TG/6','ICT1242',50,61,77,72),
('TG/6','ICT1252',59,73,73,75),
('TG/7','ICT1212',67,68,70,57),
('TG/7','ICT1222',88,68,66,49),
('TG/7','ICT1232',84,55,73,78),
('TG/7','ICT1242',80,51,93,62),
('TG/7','ICT1252',92,71,65,74),
('TG/8','ICT1212',74,51,94,74),
('TG/8','ICT1222',68,47,93,77),
('TG/8','ICT1232',93,53,71,64),
('TG/8','ICT1242',90,70,61,60),
('TG/8','ICT1252',64,68,71,60),
('TG/9','ICT1212',76,56,87,51),
('TG/9','ICT1222',60,77,78,81),
('TG/9','ICT1232',70,85,85,70),
('TG/9','ICT1242',75,62,83,66),
('TG/9','ICT1252',53,87,55,64),
('TG/10','ICT1212',94,75,74,72),
('TG/10','ICT1222',69,89,88,78),
('TG/10','ICT1232',94,47,54,75),
('TG/10','ICT1242',78,45,55,81),
('TG/10','ICT1252',83,48,51,63),
('TG/11','ICT1212',85,63,87,54),
('TG/11','ICT1222',95,84,51,72),
('TG/11','ICT1232',77,89,90,87),
('TG/11','ICT1242',95,84,54,83),
('TG/11','ICT1252',91,74,92,65),
('TG/12','ICT1212',87,66,54,80),
('TG/12','ICT1222',80,57,66,64),
('TG/12','ICT1232',58,51,68,68),
('TG/12','ICT1242',58,67,65,50),
('TG/12','ICT1252',51,84,91,58),
('TG/13','ICT1212',77,57,64,57),
('TG/13','ICT1222',63,56,83,70),
('TG/13','ICT1232',64,50,57,58),
('TG/13','ICT1242',92,73,62,57),
('TG/13','ICT1252',55,64,62,63),
('TG/14','ICT1212',90,73,55,83),
('TG/14','ICT1222',73,47,83,87),
('TG/14','ICT1232',86,85,63,65),
('TG/14','ICT1242',56,90,65,81),
('TG/14','ICT1252',81,71,63,48),
('TG/15','ICT1212',68,83,68,79),
('TG/15','ICT1222',51,54,54,45),
('TG/15','ICT1232',61,88,73,49),
('TG/15','ICT1242',94,67,67,72),
('TG/15','ICT1252',56,49,76,60);

INSERT INTO results (reg_no,course_code,final_marks,grade,gpa) VALUES
('TG/1','ICT1212',66.50,'B',3.0),
('TG/1','ICT1222',66.50,'B',3.0),
('TG/1','ICT1232',75.75,'A-',3.7),
('TG/1','ICT1242',82.50,'A-',3.7),
('TG/1','ICT1252',73.75,'B',3.0),

('TG/2','ICT1212',66.00,'B',3.0),
('TG/2','ICT1222',55.75,'C',2.0),
('TG/2','ICT1232',66.25,'B',3.0),
('TG/2','ICT1242',71.25,'B',3.0),
('TG/2','ICT1252',71.00,'B',3.0),

('TG/3','ICT1212',77.50,'A-',3.7),
('TG/3','ICT1222',78.25,'A-',3.7),
('TG/3','ICT1232',78.00,'A-',3.7),
('TG/3','ICT1242',77.75,'A-',3.7),
('TG/3','ICT1252',71.75,'B',3.0),

('TG/4','ICT1212',71.00,'B',3.0),
('TG/4','ICT1222',71.50,'B',3.0),
('TG/4','ICT1232',55.00,'C',2.0),
('TG/4','ICT1242',66.25,'B',3.0),
('TG/4','ICT1252',86.75,'A',4.0),

('TG/5','ICT1212',69.25,'B',3.0),
('TG/5','ICT1222',80.75,'A-',3.7),
('TG/5','ICT1232',61.75,'C',2.0),
('TG/5','ICT1242',73.50,'B',3.0),
('TG/5','ICT1252',60.25,'C',2.0),

('TG/6','ICT1212',73.50,'B',3.0),
('TG/6','ICT1222',72.50,'B',3.0),
('TG/6','ICT1232',70.25,'B',3.0),
('TG/6','ICT1242',65.00,'B',3.0),
('TG/6','ICT1252',70.00,'B',3.0),

('TG/7','ICT1212',65.50,'B',3.0),
('TG/7','ICT1222',67.75,'B',3.0),
('TG/7','ICT1232',72.50,'B',3.0),
('TG/7','ICT1242',71.50,'B',3.0),
('TG/7','ICT1252',75.50,'A-',3.7),

('TG/8','ICT1212',73.25,'B',3.0),
('TG/8','ICT1222',71.25,'B',3.0),
('TG/8','ICT1232',70.25,'B',3.0),
('TG/8','ICT1242',70.25,'B',3.0),
('TG/8','ICT1252',65.75,'B',3.0),

('TG/9','ICT1212',67.50,'B',3.0),
('TG/9','ICT1222',74.00,'B',3.0),
('TG/9','ICT1232',77.50,'A-',3.7),
('TG/9','ICT1242',71.50,'B',3.0),
('TG/9','ICT1252',64.75,'C',2.0),

('TG/10','ICT1212',78.75,'A-',3.7),
('TG/10','ICT1222',81.00,'A-',3.7),
('TG/10','ICT1232',67.50,'B',3.0),
('TG/10','ICT1242',64.75,'C',2.0),
('TG/10','ICT1252',61.25,'C',2.0),

('TG/11','ICT1212',72.25,'B',3.0),
('TG/11','ICT1222',75.50,'A-',3.7),
('TG/11','ICT1232',85.75,'A',4.0),
('TG/11','ICT1242',79.00,'A-',3.7),
('TG/11','ICT1252',80.50,'A-',3.7),

('TG/12','ICT1212',71.75,'B',3.0),
('TG/12','ICT1222',66.75,'B',3.0),
('TG/12','ICT1232',61.25,'C',2.0),
('TG/12','ICT1242',60.00,'C',2.0),
('TG/12','ICT1252',71.00,'B',3.0),

('TG/13','ICT1212',63.75,'C',2.0),
('TG/13','ICT1222',68.00,'B',3.0),
('TG/13','ICT1232',57.25,'C',2.0),
('TG/13','ICT1242',71.00,'B',3.0),
('TG/13','ICT1252',61.00,'C',2.0),

('TG/14','ICT1212',75.25,'A-',3.7),
('TG/14','ICT1222',72.50,'B',3.0),
('TG/14','ICT1232',74.75,'B',3.0),
('TG/14','ICT1242',73.00,'B',3.0),
('TG/14','ICT1252',65.75,'B',3.0),

('TG/15','ICT1212',74.50,'B',3.0),
('TG/15','ICT1222',51.00,'D',1.0),
('TG/15','ICT1232',67.75,'B',3.0),
('TG/15','ICT1242',75.00,'A-',3.7),
('TG/15','ICT1252',60.25,'C',2.0);