use FacultyManagement;
insert into students values
    ('ICT001', 'Sara', '200417283718','sara@gmail.com', '0771299782','colombo','proper'),
    ('ICT002', 'John', '200689251673','john@gmail.com', '0751368978','kandy','repeat'),
    ('ICT003', 'Nimal','200496571315','nimal@gmail.com','0772126196','galle','proper'),
    ('ICT004', 'Sunil','200412334754','sunil@gmail.com','0752364293','kegalle','repeat'),
    ('ICT005', 'Kamal','200412223437','kamal@gmail.com','0752364297','Mannar','proper'),
    ('ICT006', 'Nivetha','200431323733','nivetha@gmail.com','0761363946','kandy','proper'),
    ('ICT007', 'Amna','200415222318','amna@gmail.com','0773213933','matara','proper'),
    ('ICT008', 'Durga','200418327416','durga@gmail.com','0773363973','jaffna','repeat'),
    ('ICT009', 'Thilini','200414222714','thilini@gmail.com','0743364171','Badulla','proper'),
    ('ICT0010', 'Amila', '200413332361','amila@gmail.com','0752363975','Kalutara','proper'),
    ('ICT0011', 'silva', '200467893710','silva@gmail.com', '0771556293','Gampaha','proper'),
    ('ICT0012', 'Dilani','200413563311','dilani@gmail.com','0754364974','jaffna','repeat'),
    ('ICT0013', 'Supun', '200463884312','supun@gmail.com', '0741358723','kegalle','repeat'),
    ('ICT0014', 'Ishara','200417123732','ishara@gmail.com','0754363911','Ampara','proper'),
    ('ICT0015', 'Perera','200413237173','perera@gmail.com','0771314779','Ratnapura','proper');

insert into lecturers values
   (1,'Dr.Nimal','nimal@gmail.com', '0778925711','ICT','PhD in Computer Science'),
   (2,'Dr.Chamara','chamara@gmail.com', '0772225212','ICT','MSc in Software Engineering'),
   (3,'Dr.Malini','malini@gmail.com', '0771225314','ICT','BSc in Information Technology'),
   (4,'Dr.Ravindu','ravindu@gmail.com', '0741322271','ICT','MSc in Data Science'),
   (5,'Dr.Ruwan','ruwan@gmail.com', '0771225313','ICT','PhD in Artificial Intelligence');

insert into technical_officers values
   (1,'saman','saman@gmail.com','0751238952','Networking Lab','Morning','5 years'),
   (2,'pradeep','pradeep@gmail.com','0771232394','Hardware Lab','Morning','4 years'),
   (3,'Jayasinge','jayasinge@gmail.com','0771237458','Multimedia Lab','Evening','3 years'),
   (4,'Fernando','fernando@gmail.com','0752333393','Software Lab','Morning','4 years'),
   (5,'Kumara','kumara@gmail.com','0771332951','Database Lab','Evening','2 years');

insert into courses values
    ('ICT1212', 'Programming', 3,'theory',1),
    ('ICT1222','Database',3,'practical',2),
    ('ICT1232','Networking',2,'Theory',3),
    ('ICT1242','Web Dev',3,'practical',4),
    ('ICT1252','Maths',2,'Theory',5);

INSERT INTO attendance (reg_no,course_code,session_type,week,status) VALUES

('ICT001','ICT1212','THEORY',1,'PRESENT'),
('ICT001','ICT1212','THEORY',2,'PRESENT'),
('ICT001','ICT1212','THEORY',3,'PRESENT'),
('ICT001','ICT1212','THEORY',4,'PRESENT'),
('ICT001','ICT1212','THEORY',5,'PRESENT'),
('ICT001','ICT1212','THEORY',6,'PRESENT'),
('ICT001','ICT1212','THEORY',7,'PRESENT'),
('ICT001','ICT1212','THEORY',8,'PRESENT'),
('ICT001','ICT1212','THEORY',9,'PRESENT'),
('ICT001','ICT1212','THEORY',10,'PRESENT'),
('ICT001','ICT1212','THEORY',11,'PRESENT'),
('ICT001','ICT1212','THEORY',12,'PRESENT'),
('ICT001','ICT1212','THEORY',13,'PRESENT'),
('ICT001','ICT1212','THEORY',14,'PRESENT'),
('ICT001','ICT1212','THEORY',15,'PRESENT'),

('ICT002','ICT1212','THEORY',1,'PRESENT'),
('ICT002','ICT1212','THEORY',2,'PRESENT'),
('ICT002','ICT1212','THEORY',3,'PRESENT'),
('ICT002','ICT1212','THEORY',4,'ABSENT'),
('ICT002','ICT1212','THEORY',5,'PRESENT'),
('ICT002','ICT1212','THEORY',6,'PRESENT'),
('ICT002','ICT1212','THEORY',7,'PRESENT'),
('ICT002','ICT1212','THEORY',8,'PRESENT'),
('ICT002','ICT1212','THEORY',9,'ABSENT'),
('ICT002','ICT1212','THEORY',10,'PRESENT'),
('ICT002','ICT1212','THEORY',11,'PRESENT'),
('ICT002','ICT1212','THEORY',12,'PRESENT'),
('ICT002','ICT1212','THEORY',13,'PRESENT'),
('ICT002','ICT1212','THEORY',14,'PRESENT'),
('ICT002','ICT1212','THEORY',15,'PRESENT'),

('ICT003','ICT1212','THEORY',1,'PRESENT'),
('ICT003','ICT1212','THEORY',2,'MEDICAL'),
('ICT003','ICT1212','THEORY',3,'PRESENT'),
('ICT003','ICT1212','THEORY',4,'PRESENT'),
('ICT003','ICT1212','THEORY',5,'PRESENT'),
('ICT003','ICT1212','THEORY',6,'MEDICAL'),
('ICT003','ICT1212','THEORY',7,'PRESENT'),
('ICT003','ICT1212','THEORY',8,'PRESENT'),
('ICT003','ICT1212','THEORY',9,'PRESENT'),
('ICT003','ICT1212','THEORY',10,'PRESENT'),
('ICT003','ICT1212','THEORY',11,'PRESENT'),
('ICT003','ICT1212','THEORY',12,'PRESENT'),
('ICT003','ICT1212','THEORY',13,'ABSENT'),
('ICT003','ICT1212','THEORY',14,'PRESENT'),
('ICT003','ICT1212','THEORY',15,'PRESENT'),

('ICT004','ICT1212','THEORY',1,'ABSENT'),
('ICT004','ICT1212','THEORY',2,'ABSENT'),
('ICT004','ICT1212','THEORY',3,'PRESENT'),
('ICT004','ICT1212','THEORY',4,'ABSENT'),
('ICT004','ICT1212','THEORY',5,'ABSENT'),
('ICT004','ICT1212','THEORY',6,'PRESENT'),
('ICT004','ICT1212','THEORY',7,'ABSENT'),
('ICT004','ICT1212','THEORY',8,'PRESENT'),
('ICT004','ICT1212','THEORY',9,'ABSENT'),
('ICT004','ICT1212','THEORY',10,'PRESENT'),
('ICT004','ICT1212','THEORY',11,'ABSENT'),
('ICT004','ICT1212','THEORY',12,'PRESENT'),
('ICT004','ICT1212','THEORY',13,'ABSENT'),
('ICT004','ICT1212','THEORY',14,'PRESENT'),
('ICT004','ICT1212','THEORY',15,'ABSENT'),

('ICT005','ICT1212','THEORY',1,'MEDICAL'),
('ICT005','ICT1212','THEORY',2,'ABSENT'),
('ICT005','ICT1212','THEORY',3,'PRESENT'),
('ICT005','ICT1212','THEORY',4,'ABSENT'),
('ICT005','ICT1212','THEORY',5,'MEDICAL'),
('ICT005','ICT1212','THEORY',6,'ABSENT'),
('ICT005','ICT1212','THEORY',7,'PRESENT'),
('ICT005','ICT1212','THEORY',8,'ABSENT'),
('ICT005','ICT1212','THEORY',9,'PRESENT'),
('ICT005','ICT1212','THEORY',10,'ABSENT'),
('ICT005','ICT1212','THEORY',11,'MEDICAL'),
('ICT005','ICT1212','THEORY',12,'ABSENT'),
('ICT005','ICT1212','THEORY',13,'PRESENT'),
('ICT005','ICT1212','THEORY',14,'ABSENT'),
('ICT005','ICT1212','THEORY',15,'ABSENT'),

('ICT006','ICT1212','THEORY',1,'PRESENT'),
('ICT006','ICT1212','THEORY',2,'PRESENT'),
('ICT006','ICT1212','THEORY',3,'PRESENT'),
('ICT006','ICT1212','THEORY',4,'PRESENT'),
('ICT006','ICT1212','THEORY',5,'PRESENT'),
('ICT006','ICT1212','THEORY',6,'PRESENT'),
('ICT006','ICT1212','THEORY',7,'PRESENT'),
('ICT006','ICT1212','THEORY',8,'PRESENT'),
('ICT006','ICT1212','THEORY',9,'ABSENT'),
('ICT006','ICT1212','THEORY',10,'PRESENT'),
('ICT006','ICT1212','THEORY',11,'PRESENT'),
('ICT006','ICT1212','THEORY',12,'PRESENT'),
('ICT006','ICT1212','THEORY',13,'PRESENT'),
('ICT006','ICT1212','THEORY',14,'PRESENT'),
('ICT006','ICT1212','THEORY',15,'PRESENT'),

('ICT007','ICT1212','THEORY',1,'PRESENT'),
('ICT007','ICT1212','THEORY',2,'PRESENT'),
('ICT007','ICT1212','THEORY',3,'ABSENT'),
('ICT007','ICT1212','THEORY',4,'PRESENT'),
('ICT007','ICT1212','THEORY',5,'PRESENT'),
('ICT007','ICT1212','THEORY',6,'PRESENT'),
('ICT007','ICT1212','THEORY',7,'PRESENT'),
('ICT007','ICT1212','THEORY',8,'PRESENT'),
('ICT007','ICT1212','THEORY',9,'PRESENT'),
('ICT007','ICT1212','THEORY',10,'PRESENT'),
('ICT007','ICT1212','THEORY',11,'PRESENT'),
('ICT007','ICT1212','THEORY',12,'PRESENT'),
('ICT007','ICT1212','THEORY',13,'PRESENT'),
('ICT007','ICT1212','THEORY',14,'PRESENT'),
('ICT007','ICT1212','THEORY',15,'PRESENT'),

('ICT008','ICT1212','THEORY',1,'PRESENT'),
('ICT008','ICT1212','THEORY',2,'PRESENT'),
('ICT008','ICT1212','THEORY',3,'PRESENT'),
('ICT008','ICT1212','THEORY',4,'PRESENT'),
('ICT008','ICT1212','THEORY',5,'PRESENT'),
('ICT008','ICT1212','THEORY',6,'PRESENT'),
('ICT008','ICT1212','THEORY',7,'PRESENT'),
('ICT008','ICT1212','THEORY',8,'PRESENT'),
('ICT008','ICT1212','THEORY',9,'PRESENT'),
('ICT008','ICT1212','THEORY',10,'PRESENT'),
('ICT008','ICT1212','THEORY',11,'PRESENT'),
('ICT008','ICT1212','THEORY',12,'PRESENT'),
('ICT008','ICT1212','THEORY',13,'PRESENT'),
('ICT008','ICT1212','THEORY',14,'PRESENT'),
('ICT008','ICT1212','THEORY',15,'ABSENT'),

('ICT009','ICT1212','THEORY',1,'MEDICAL'),
('ICT009','ICT1212','THEORY',2,'PRESENT'),
('ICT009','ICT1212','THEORY',3,'PRESENT'),
('ICT009','ICT1212','THEORY',4,'PRESENT'),
('ICT009','ICT1212','THEORY',5,'PRESENT'),
('ICT009','ICT1212','THEORY',6,'PRESENT'),
('ICT009','ICT1212','THEORY',7,'PRESENT'),
('ICT009','ICT1212','THEORY',8,'PRESENT'),
('ICT009','ICT1212','THEORY',9,'PRESENT'),
('ICT009','ICT1212','THEORY',10,'PRESENT'),
('ICT009','ICT1212','THEORY',11,'PRESENT'),
('ICT009','ICT1212','THEORY',12,'PRESENT'),
('ICT009','ICT1212','THEORY',13,'PRESENT'),
('ICT009','ICT1212','THEORY',14,'PRESENT'),
('ICT009','ICT1212','THEORY',15,'PRESENT'),

('ICT010','ICT1212','THEORY',1,'PRESENT'),
('ICT010','ICT1212','THEORY',2,'PRESENT'),
('ICT010','ICT1212','THEORY',3,'PRESENT'),
('ICT010','ICT1212','THEORY',4,'PRESENT'),
('ICT010','ICT1212','THEORY',5,'PRESENT'),
('ICT010','ICT1212','THEORY',6,'PRESENT'),
('ICT010','ICT1212','THEORY',7,'PRESENT'),
('ICT010','ICT1212','THEORY',8,'PRESENT'),
('ICT010','ICT1212','THEORY',9,'PRESENT'),
('ICT010','ICT1212','THEORY',10,'ABSENT'),
('ICT010','ICT1212','THEORY',11,'PRESENT'),
('ICT010','ICT1212','THEORY',12,'PRESENT'),
('ICT010','ICT1212','THEORY',13,'PRESENT'),
('ICT010','ICT1212','THEORY',14,'PRESENT'),
('ICT010','ICT1212','THEORY',15,'PRESENT'),

('ICT011','ICT1212','THEORY',1,'ABSENT'),
('ICT011','ICT1212','THEORY',2,'ABSENT'),
('ICT011','ICT1212','THEORY',3,'PRESENT'),
('ICT011','ICT1212','THEORY',4,'PRESENT'),
('ICT011','ICT1212','THEORY',5,'PRESENT'),
('ICT011','ICT1212','THEORY',6,'PRESENT'),
('ICT011','ICT1212','THEORY',7,'ABSENT'),
('ICT011','ICT1212','THEORY',8,'PRESENT'),
('ICT011','ICT1212','THEORY',9,'PRESENT'),
('ICT011','ICT1212','THEORY',10,'PRESENT'),
('ICT011','ICT1212','THEORY',11,'PRESENT'),
('ICT011','ICT1212','THEORY',12,'PRESENT'),
('ICT011','ICT1212','THEORY',13,'PRESENT'),
('ICT011','ICT1212','THEORY',14,'ABSENT'),
('ICT011','ICT1212','THEORY',15,'PRESENT'),

('ICT012','ICT1212','THEORY',1,'PRESENT'),
('ICT012','ICT1212','THEORY',2,'PRESENT'),
('ICT012','ICT1212','THEORY',3,'PRESENT'),
('ICT012','ICT1212','THEORY',4,'PRESENT'),
('ICT012','ICT1212','THEORY',5,'PRESENT'),
('ICT012','ICT1212','THEORY',6,'PRESENT'),
('ICT012','ICT1212','THEORY',7,'PRESENT'),
('ICT012','ICT1212','THEORY',8,'PRESENT'),
('ICT012','ICT1212','THEORY',9,'PRESENT'),
('ICT012','ICT1212','THEORY',10,'PRESENT'),
('ICT012','ICT1212','THEORY',11,'PRESENT'),
('ICT012','ICT1212','THEORY',12,'PRESENT'),
('ICT012','ICT1212','THEORY',13,'PRESENT'),
('ICT012','ICT1212','THEORY',14,'PRESENT'),
('ICT012','ICT1212','THEORY',15,'PRESENT'),

('ICT013','ICT1212','THEORY',1,'MEDICAL'),
('ICT013','ICT1212','THEORY',2,'MEDICAL'),
('ICT013','ICT1212','THEORY',3,'PRESENT'),
('ICT013','ICT1212','THEORY',4,'PRESENT'),
('ICT013','ICT1212','THEORY',5,'PRESENT'),
('ICT013','ICT1212','THEORY',6,'ABSENT'),
('ICT013','ICT1212','THEORY',7,'PRESENT'),
('ICT013','ICT1212','THEORY',8,'PRESENT'),
('ICT013','ICT1212','THEORY',9,'PRESENT'),
('ICT013','ICT1212','THEORY',10,'PRESENT'),
('ICT013','ICT1212','THEORY',11,'PRESENT'),
('ICT013','ICT1212','THEORY',12,'PRESENT'),
('ICT013','ICT1212','THEORY',13,'PRESENT'),
('ICT013','ICT1212','THEORY',14,'PRESENT'),
('ICT013','ICT1212','THEORY',15,'PRESENT'),

('ICT014','ICT1212','THEORY',1,'PRESENT'),
('ICT014','ICT1212','THEORY',2,'PRESENT'),
('ICT014','ICT1212','THEORY',3,'PRESENT'),
('ICT014','ICT1212','THEORY',4,'PRESENT'),
('ICT014','ICT1212','THEORY',5,'PRESENT'),
('ICT014','ICT1212','THEORY',6,'PRESENT'),
('ICT014','ICT1212','THEORY',7,'PRESENT'),
('ICT014','ICT1212','THEORY',8,'PRESENT'),
('ICT014','ICT1212','THEORY',9,'PRESENT'),
('ICT014','ICT1212','THEORY',10,'PRESENT'),
('ICT014','ICT1212','THEORY',11,'PRESENT'),
('ICT014','ICT1212','THEORY',12,'PRESENT'),
('ICT014','ICT1212','THEORY',13,'PRESENT'),
('ICT014','ICT1212','THEORY',14,'PRESENT'),
('ICT014','ICT1212','THEORY',15,'PRESENT'),

('ICT015','ICT1212','THEORY',1,'ABSENT'),
('ICT015','ICT1212','THEORY',2,'ABSENT'),
('ICT015','ICT1212','THEORY',3,'ABSENT'),
('ICT015','ICT1212','THEORY',4,'PRESENT'),
('ICT015','ICT1212','THEORY',5,'ABSENT'),
('ICT015','ICT1212','THEORY',6,'PRESENT'),
('ICT015','ICT1212','THEORY',7,'ABSENT'),
('ICT015','ICT1212','THEORY',8,'PRESENT'),
('ICT015','ICT1212','THEORY',9,'ABSENT'),
('ICT015','ICT1212','THEORY',10,'PRESENT'),
('ICT015','ICT1212','THEORY',11,'ABSENT'),
('ICT015','ICT1212','THEORY',12,'PRESENT'),
('ICT015','ICT1212','THEORY',13,'ABSENT'),
('ICT015','ICT1212','THEORY',14,'PRESENT'),
('ICT015','ICT1212','THEORY',15,'ABSENT');

INSERT INTO marks (reg_no,course_code,type,marks) values
('ICT001','ICT1212','QUIZ',90),
('ICT001','ICT1212','ASSESSMENT',88),
('ICT001','ICT1212','MID_THEORY',85),
('ICT001','ICT1212','MID_PRACTICAL',87),
('ICT001','ICT1212','FINAL_THEORY',92),
('ICT001','ICT1212','FINAL_PRACTICAL',90),

('ICT002','ICT1212','QUIZ',75),
('ICT002','ICT1212','ASSESSMENT',78),
('ICT002','ICT1212','MID_THEORY',72),
('ICT002','ICT1212','MID_PRACTICAL',74),
('ICT002','ICT1212','FINAL_THEORY',80),
('ICT002','ICT1212','FINAL_PRACTICAL',79),

('ICT003','ICT1212','QUIZ',70),
('ICT003','ICT1212','ASSESSMENT',NULL),
('ICT003','ICT1212','MID_THEORY',NULL),
('ICT003','ICT1212','MID_PRACTICAL',65),
('ICT003','ICT1212','FINAL_THEORY',75),
('ICT003','ICT1212','FINAL_PRACTICAL',70),

('ICT004','ICT1212','QUIZ',40),
('ICT004','ICT1212','ASSESSMENT',45),
('ICT004','ICT1212','MID_THEORY',42),
('ICT004','ICT1212','MID_PRACTICAL',40),
('ICT004','ICT1212','FINAL_THEORY',50),
('ICT004','ICT1212','FINAL_PRACTICAL',48),

('ICT005','ICT1212','QUIZ',55),
('ICT005','ICT1212','ASSESSMENT',NULL),
('ICT005','ICT1212','MID_THEORY',50),
('ICT005','ICT1212','MID_PRACTICAL',NULL),
('ICT005','ICT1212','FINAL_THEORY',60),
('ICT005','ICT1212','FINAL_PRACTICAL',58),

('ICT006','ICT1212','QUIZ',80),
('ICT006','ICT1212','ASSESSMENT',82),
('ICT006','ICT1212','MID_THEORY',78),
('ICT006','ICT1212','MID_PRACTICAL',79),
('ICT006','ICT1212','FINAL_THEORY',85),
('ICT006','ICT1212','FINAL_PRACTICAL',83),

('ICT007','ICT1212','QUIZ',68),
('ICT007','ICT1212','ASSESSMENT',70),
('ICT007','ICT1212','MID_THEORY',65),
('ICT007','ICT1212','MID_PRACTICAL',66),
('ICT007','ICT1212','FINAL_THEORY',72),
('ICT007','ICT1212','FINAL_PRACTICAL',70),

('ICT008','ICT1212','QUIZ',88),
('ICT008','ICT1212','ASSESSMENT',90),
('ICT008','ICT1212','MID_THEORY',85),
('ICT008','ICT1212','MID_PRACTICAL',87),
('ICT008','ICT1212','FINAL_THEORY',91),
('ICT008','ICT1212','FINAL_PRACTICAL',89),

('ICT009','ICT1212','QUIZ',60),
('ICT009','ICT1212','ASSESSMENT',65),
('ICT009','ICT1212','MID_THEORY',62),
('ICT009','ICT1212','MID_PRACTICAL',60),
('ICT009','ICT1212','FINAL_THEORY',68),
('ICT009','ICT1212','FINAL_PRACTICAL',66),

('ICT010','ICT1212','QUIZ',77),
('ICT010','ICT1212','ASSESSMENT',75),
('ICT010','ICT1212','MID_THEORY',73),
('ICT010','ICT1212','MID_PRACTICAL',74),
('ICT010','ICT1212','FINAL_THEORY',80),
('ICT010','ICT1212','FINAL_PRACTICAL',78),

('ICT011','ICT1212','QUIZ',65),
('ICT011','ICT1212','ASSESSMENT',60),
('ICT011','ICT1212','MID_THEORY',58),
('ICT011','ICT1212','MID_PRACTICAL',55),
('ICT011','ICT1212','FINAL_THEORY',62),
('ICT011','ICT1212','FINAL_PRACTICAL',60),

('ICT012','ICT1212','QUIZ',82),
('ICT012','ICT1212','ASSESSMENT',84),
('ICT012','ICT1212','MID_THEORY',80),
('ICT012','ICT1212','MID_PRACTICAL',81),
('ICT012','ICT1212','FINAL_THEORY',86),
('ICT012','ICT1212','FINAL_PRACTICAL',85),

('ICT013','ICT1212','QUIZ',50),
('ICT013','ICT1212','ASSESSMENT',55),
('ICT013','ICT1212','MID_THEORY',52),
('ICT013','ICT1212','MID_PRACTICAL',50),
('ICT013','ICT1212','FINAL_THEORY',60),
('ICT013','ICT1212','FINAL_PRACTICAL',58),

('ICT014','ICT1212','QUIZ',90),
('ICT014','ICT1212','ASSESSMENT',88),
('ICT014','ICT1212','MID_THEORY',86),
('ICT014','ICT1212','MID_PRACTICAL',87),
('ICT014','ICT1212','FINAL_THEORY',92),
('ICT014','ICT1212','FINAL_PRACTICAL',91),

('ICT015','ICT1212','QUIZ',45),
('ICT015','ICT1212','ASSESSMENT',48),
('ICT015','ICT1212','MID_THEORY',42),
('ICT015','ICT1212','MID_PRACTICAL',40),
('ICT015','ICT1212','FINAL_THEORY',50),
('ICT015','ICT1212','FINAL_PRACTICAL',47);

INSERT INTO results (reg_no,course_code,final_marks,grade,gpa) VALUES

('ICT001','ICT1212',90,'A+',4.0),
('ICT002','ICT1212',78,'A',3.7),
('ICT003','ICT1212',NULL,'MC',NULL),
('ICT004','ICT1212',48,'S',1.0),
('ICT005','ICT1212',NULL,'MC',NULL),
('ICT006','ICT1212',83,'A',3.7),
('ICT007','ICT1212',70,'B',3.0),
('ICT008','ICT1212',90,'A+',4.0),
('ICT009','ICT1212',65,'B',3.0),
('ICT010','ICT1212',78,'A',3.7),
('ICT011','ICT1212',62,'C',2.0),
('ICT012','ICT1212',85,'A+',4.0),
('ICT013','ICT1212',58,'C',2.0),
('ICT014','ICT1212',91,'A+',4.0),
('ICT015','ICT1212',47,'S',1.0);